Remark,QB Num,No.,Item,Qty(+),Ship Date,Customer Ordering Desc.
LO25080011,For NTA_CoastIPC,950-RS880500-A13,RGS-8805GC,1,9/10/2025,"Rugged and Compact AMD EPYC 7003/7002 ""MILAN/ROME"" Server Supporting RTX A5000/A6000 GPU, Two x16 PCIe Slots,  10G/1G Ethernet and 8~48V DC Input"
SO25040359,POD-250574,R003,Engineer Service- COS,1,11/7/2025,Certification charges for Nuvo-9000-AUT models
SO25040360,POD-250575,R003,Engineer Service- COS,1,11/7/2025,Certification Charge for POC-410-AUT models
SO25050034,POD-250647,S51-SL1708FF-003,SEMIL-1708-i7OCG9-FF04,10,10/1/2025,"SEMIL-1708-FF, including i7-9700TE, DDR4-16GB-32-SM and M.280-SSD-1TB-PCIe44-TLC5-PN"
SO25050034,POD-250647,R10Z,CUSTOMER SERVICES,10,10/1/2025,To產線/包裝：請協助貼上客製標籤，詳見SOP
SO25050034,POD-250647,R10Z,CUSTOMER SERVICES,10,10/1/2025,To產線：須執行BIOS設定，請見SEMIL-1708-FF組裝SOP
SO25050034,POD-250647,R10Z,CUSTOMER SERVICES,10,10/1/2025,To產線：請協助將IGN模式調整至2
SO25050034,POD-250647,R10Z,CUSTOMER SERVICES,10,10/1/2025,To產線：請協助安裝Ubuntu 22.04 Server版本，並使用客供ISO檔
SO25050034,POD-250647,395-M1342189-004,Cbl-M12S4F-OW4-180CM1,10,10/1/2025,"Cable 180cm, M12 S-Code Female 4P to Open Wire 4P, 亞佳"
SO25050034,POD-250647,R10Z,CUSTOMER SERVICES,10,10/1/2025,To產線：請將機器與線材配對包裝
SO25050035,POD-250648,S51-SL1708FF-003,SEMIL-1708-i7OCG9-FF04,10,11/19/2025,"SEMIL-1708-FF, including i7-9700TE, DDR4-16GB-32-SM and M.280-SSD-1TB-PCIe44-TLC5-PN"
SO25050035,POD-250648,R10Z,CUSTOMER SERVICES,10,11/19/2025,To產線/包裝：請協助貼上客製標籤，詳見SOP
SO25050035,POD-250648,R10Z,CUSTOMER SERVICES,10,11/19/2025,To產線：須執行BIOS設定，請見SEMIL-1708-FF組裝SOP
SO25050035,POD-250648,R10Z,CUSTOMER SERVICES,10,11/19/2025,To產線：請協助將IGN模式調整至2
SO25050035,POD-250648,R10Z,CUSTOMER SERVICES,10,11/19/2025,To產線：請協助安裝Ubuntu 22.04 Server版本，並使用客供ISO檔
SO25050035,POD-250648,395-M1342189-004,Cbl-M12S4F-OW4-180CM1,10,11/19/2025,"Cable 180cm, M12 S-Code Female 4P to Open Wire 4P, 亞佳"
SO25050035,POD-250648,R10Z,CUSTOMER SERVICES,10,11/19/2025,To產線：請將機器與線材配對包裝
SO25050036,POD-250649,S51-SL1708FF-003,SEMIL-1708-i7OCG9-FF04,10,12/17/2025,"SEMIL-1708-FF, including i7-9700TE, DDR4-16GB-32-SM and M.280-SSD-1TB-PCIe44-TLC5-PN"
SO25050036,POD-250649,R10Z,CUSTOMER SERVICES,10,12/17/2025,To產線/包裝：請協助貼上客製標籤，詳見SOP
SO25050036,POD-250649,R10Z,CUSTOMER SERVICES,10,12/17/2025,To產線：須執行BIOS設定，請見SEMIL-1708-FF組裝SOP
SO25050036,POD-250649,R10Z,CUSTOMER SERVICES,10,12/17/2025,To產線：請協助將IGN模式調整至2
SO25050036,POD-250649,R10Z,CUSTOMER SERVICES,10,12/17/2025,To產線：請協助安裝Ubuntu 22.04 Server版本，並使用客供ISO檔
SO25050036,POD-250649,395-M1342189-004,Cbl-M12S4F-OW4-180CM1,10,12/17/2025,"Cable 180cm, M12 S-Code Female 4P to Open Wire 4P, 亞佳"
SO25050036,POD-250649,R10Z,CUSTOMER SERVICES,10,12/17/2025,To產線：請將機器與線材配對包裝
SO25050037,POD-250650,S51-SL1708FF-003,SEMIL-1708-i7OCG9-FF04,10,1/14/2026,"SEMIL-1708-FF, including i7-9700TE, DDR4-16GB-32-SM and M.280-SSD-1TB-PCIe44-TLC5-PN"
SO25050037,POD-250650,R10Z,CUSTOMER SERVICES,10,1/14/2026,To產線/包裝：請協助貼上客製標籤，詳見SOP
SO25050037,POD-250650,R10Z,CUSTOMER SERVICES,10,1/14/2026,To產線：須執行BIOS設定，請見SEMIL-1708-FF組裝SOP
SO25050037,POD-250650,R10Z,CUSTOMER SERVICES,10,1/14/2026,To產線：請協助將IGN模式調整至2
SO25050037,POD-250650,R10Z,CUSTOMER SERVICES,10,1/14/2026,To產線：請協助安裝Ubuntu 22.04 Server版本，並使用客供ISO檔
SO25050037,POD-250650,395-M1342189-004,Cbl-M12S4F-OW4-180CM1,10,1/14/2026,"Cable 180cm, M12 S-Code Female 4P to Open Wire 4P, 亞佳"
SO25050037,POD-250650,R10Z,CUSTOMER SERVICES,10,1/14/2026,To產線：請將機器與線材配對包裝
SO25060381,POD-250884,S50-EC750501-036,Nuvo-7505D-i5HCG9-Tek02-100,20,10/1/2025,"Nuvo-7505D, including  i5-9500TE, DDR4-8GB-32-SM, M.280-SSD-256GB-SATA-TLC-IK, Win10IoT21-Value"
SO25060381,POD-250884,R10Z,CUSTOMER SERVICES,20,10/1/2025,To組裝：請協助將N7505D的SATA Cable不組裝放置於配件盒中
SO25060381,POD-250884,R10Z,CUSTOMER SERVICES,20,10/1/2025,To組裝：請將Nuvo-7501 HDD Bracket組裝在機器裡
SO25060381,POD-250884,R10Z,CUSTOMER SERVICES,20,10/1/2025,To組裝：請協助燒錄影像檔，並正常關機。PE已協助將iso檔放入NAS路徑\\192.168.21.207\pd\PE data\OSiso\Windows10IoT2021Tek84.19044.5247
SO25060381,POD-250884,R10Z,CUSTOMER SERVICES,20,10/1/2025,To QC：出廠檢驗時不用做system preparation
SO25070106,POD-250956,S60-RU023000-049,NRU-230V-AWP-JAO64G-AI01-25,25,9/24/2025,"NRU-230V-AWP, including  M.280-SSD-2TB-PCIe44-TLC5ET-TD, SSD-2TB-TLC-IK, GC-Jetson-AGX64GB-Orin-Nvidia-JetPack-6.0"
SO25070106,POD-250956,93S-CK000022-000,Cblkit-FP-NRU-230V-AWP_NRU-240S-AWP,25,9/24/2025,"NRU-230V-AWP or NRU-240S-AWP front panel cable kit, including: 1x Cbl-TpCPlug-UTpCF-50CM, 1x Cbl-M12A8M-2U2TA-180CM1, 3x Cbl-M12A8M-2DB9M_OW2-180CM, 5x Cbl-M12X8M-RJ45F-100CM"
SO25070106,POD-250956,93S-CK000023-000,Cblkit-BP-NRU-230V-AWP,25,9/24/2025,"NRU-230V-AWP back panel cable kit, including 8x Cbl-FAKRA-ZFM-ZFM-12M"
SO25070106,POD-250956,R10Z,CUSTOMER SERVICES,25,9/24/2025,To產線：請將機器與線材配對包裝
SO25070107,POD-250957,S60-RU023000-049,NRU-230V-AWP-JAO64G-AI01-25,25,10/1/2025,"NRU-230V-AWP, including  M.280-SSD-2TB-PCIe44-TLC5ET-TD, SSD-2TB-TLC-IK, GC-Jetson-AGX64GB-Orin-Nvidia-JetPack-6.0"
SO25070107,POD-250957,93S-CK000022-000,Cblkit-FP-NRU-230V-AWP_NRU-240S-AWP,25,10/1/2025,"NRU-230V-AWP or NRU-240S-AWP front panel cable kit, including: 1x Cbl-TpCPlug-UTpCF-50CM, 1x Cbl-M12A8M-2U2TA-180CM1, 3x Cbl-M12A8M-2DB9M_OW2-180CM, 5x Cbl-M12X8M-RJ45F-100CM"
SO25070107,POD-250957,93S-CK000023-000,Cblkit-BP-NRU-230V-AWP,25,10/1/2025,"NRU-230V-AWP back panel cable kit, including 8x Cbl-FAKRA-ZFM-ZFM-12M"
SO25070107,POD-250957,R10Z,CUSTOMER SERVICES,25,10/1/2025,To產線：請將機器與線材配對包裝
SO25070380,POD-251033,505-D1137512-013,DDR5-32GB-48-SM,50,9/24/2025,DDR5-4800 1.1V 32GB SO-DIMM 0~+85°C
SO25070418,POD-251058,S60-UC033000-001,POC-330-AEI01-100,25,9/24/2025,"POC-330, including  DDR3L-4GB-WT18-DL1, mSATAHS-64GB-MLCWT-IK, Win10IoT19-Entry"
SO25070418,POD-251058,393-D1131150-134,Cbl-DB9F-3DB9M-15CM2,25,9/24/2025,"1x DB9 (Female) to 3x DB9 (Male), for Nuvo-6000 series, Length: 15CM"
SO25070418,POD-251058,R10Z,CUSTOMER SERVICES,25,9/24/2025,To產線：請不要安裝系統，但要貼附license
SO25070418,POD-251058,R10Z,CUSTOMER SERVICES,25,9/24/2025,To產線：請協助將機器與393-D1131150-134配對包裝
SO25070419,POD-251059,S60-UC033000-001,POC-330-AEI01-100,25,10/22/2025,"POC-330, including  DDR3L-4GB-WT18-DL1, mSATAHS-64GB-MLCWT-IK, Win10IoT19-Entry"
SO25070419,POD-251059,393-D1131150-134,Cbl-DB9F-3DB9M-15CM2,25,10/22/2025,"1x DB9 (Female) to 3x DB9 (Male), for Nuvo-6000 series, Length: 15CM"
SO25070419,POD-251059,R10Z,CUSTOMER SERVICES,25,10/22/2025,To產線：請不要安裝系統，但要貼附license
SO25070419,POD-251059,R10Z,CUSTOMER SERVICES,25,10/22/2025,To產線：請協助將機器與393-D1131150-134配對包裝
SO25070420,POD-251060,S60-UC033000-001,POC-330-AEI01-100,25,11/19/2025,"POC-330, including  DDR3L-4GB-WT18-DL1, mSATAHS-64GB-MLCWT-IK, Win10IoT19-Entry"
SO25070420,POD-251060,393-D1131150-134,Cbl-DB9F-3DB9M-15CM2,25,11/19/2025,"1x DB9 (Female) to 3x DB9 (Male), for Nuvo-6000 series, Length: 15CM"
SO25070420,POD-251060,R10Z,CUSTOMER SERVICES,25,11/19/2025,To產線：請不要安裝系統，但要貼附license
SO25070420,POD-251060,R10Z,CUSTOMER SERVICES,25,11/19/2025,To產線：請協助將機器與393-D1131150-134配對包裝
SO25070426,POD-251054,93S-CK000022-000,Cblkit-FP-NRU-230V-AWP_NRU-240S-AWP,3,9/24/2025,"NRU-230V-AWP or NRU-240S-AWP front panel cable kit, including: 1x Cbl-TpCPlug-UTpCF-50CM, 1x Cbl-M12A8M-2U2TA-180CM1, 3x Cbl-M12A8M-2DB9M_OW2-180CM, 5x Cbl-M12X8M-RJ45F-100CM"
SO25070495,POD-251061,S51-UC0715CG-001,POC-715-CGN1-CF2-25(EA),5,9/24/2025,"POC-715-CGN1, including DDR5-16GB-56-SM, M.280-SSD-256GB-PCIe44-TLC5-PN, mPCIe-Ado-AX92905"
SO25070495,POD-251061,906-TB001000-A10,TB-10,5,9/24/2025,Terminal board with 68-pin SCSI-II female connector and 68-pole terminal block
SO25070495,POD-251061,393-D5502100-032,Cbl-S68M-S68M-100CM,5,9/24/2025,"SCSI-68 (Male) to SCSI-68M (Male) cable, for MezIO DIO card and TB-10, Length: 100CM"
SO25070495,POD-251061,R10Z,CUSTOMER SERVICES,5,9/24/2025,To產線：請將S51-UC0715CG-001與906-TB001000-A10|393-D5502100-032配對包裝
SO25070495,POD-251061,S51-UC0715C1-001,POC-715-CGN2-CF2-25(EA),10,9/24/2025,"POC-715-CGN2, including DDR5-16GB-56-SM, M.280-SSD-256GB-PCIe44-TLC5-PN, mPCIe-Ado-AX92905"
SO25070496,POD-251062,S51-UC0715CG-001,POC-715-CGN1-CF2-25(EA),5,12/24/2025,"POC-715-CGN1, including DDR5-16GB-56-SM, M.280-SSD-256GB-PCIe44-TLC5-PN, mPCIe-Ado-AX92905"
SO25070496,POD-251062,906-TB001000-A10,TB-10,5,12/24/2025,Terminal board with 68-pin SCSI-II female connector and 68-pole terminal block
SO25070496,POD-251062,393-D5502100-032,Cbl-S68M-S68M-100CM,5,12/24/2025,"SCSI-68 (Male) to SCSI-68M (Male) cable, for MezIO DIO card and TB-10, Length: 100CM"
SO25070496,POD-251062,R10Z,CUSTOMER SERVICES,5,12/24/2025,To產線：請將S51-UC0715CG-001與906-TB001000-A10|393-D5502100-032配對包裝
SO25070496,POD-251062,S51-UC0715C1-001,POC-715-CGN2-CF2-25(EA),5,12/24/2025,"POC-715-CGN2, including DDR5-16GB-56-SM, M.280-SSD-256GB-PCIe44-TLC5-PN, mPCIe-Ado-AX92905"
SO25070534,POD-251094,930-CK000011-000,Cblkit-NRU-162S-AWP,1,10/8/2025,"NRU-162S-AWP cable kit, including 5xCbl-M12X8M-RJ45F-100CM, 1xCbl-M12A8M-2U2TA-180CM1, 1xCbl-M12A8M-2DB9M_OW2-180CM1, 1xCbl-M12A17M-VGA-180CM2"
SO25080092,POD-251122,S60-RU023000-049,NRU-230V-AWP-JAO64G-AI01-25,10,10/8/2025,"NRU-230V-AWP, including  M.280-SSD-2TB-PCIe44-TLC5ET-TD, SSD-2TB-TLC-IK, GC-Jetson-AGX64GB-Orin-Nvidia-JetPack-6.0"
SO25080092,POD-251122,93S-CK000022-000,Cblkit-FP-NRU-230V-AWP_NRU-240S-AWP,10,10/8/2025,"NRU-230V-AWP or NRU-240S-AWP front panel cable kit, including: 1x Cbl-TpCPlug-UTpCF-50CM, 1x Cbl-M12A8M-2U2TA-180CM1, 3x Cbl-M12A8M-2DB9M_OW2-180CM, 5x Cbl-M12X8M-RJ45F-100CM"
SO25080092,POD-251122,93S-CK000023-000,Cblkit-BP-NRU-230V-AWP,10,10/8/2025,"NRU-230V-AWP back panel cable kit, including 8x Cbl-FAKRA-ZFM-ZFM-12M"
SO25080092,POD-251122,R10Z,CUSTOMER SERVICES,10,10/8/2025,To產線：請協助將機器與93S-CK000023-000|93S-CK000022-000配對包裝
SO25080093,POD-251123,S60-RU023000-049,NRU-230V-AWP-JAO64G-AI01-25,15,10/15/2025,"NRU-230V-AWP, including  M.280-SSD-2TB-PCIe44-TLC5ET-TD, SSD-2TB-TLC-IK, GC-Jetson-AGX64GB-Orin-Nvidia-JetPack-6.0"
SO25080093,POD-251123,93S-CK000022-000,Cblkit-FP-NRU-230V-AWP_NRU-240S-AWP,15,10/15/2025,"NRU-230V-AWP or NRU-240S-AWP front panel cable kit, including: 1x Cbl-TpCPlug-UTpCF-50CM, 1x Cbl-M12A8M-2U2TA-180CM1, 3x Cbl-M12A8M-2DB9M_OW2-180CM, 5x Cbl-M12X8M-RJ45F-100CM"
SO25080093,POD-251123,93S-CK000023-000,Cblkit-BP-NRU-230V-AWP,15,10/15/2025,"NRU-230V-AWP back panel cable kit, including 8x Cbl-FAKRA-ZFM-ZFM-12M"
SO25080093,POD-251123,R10Z,CUSTOMER SERVICES,15,10/15/2025,To產線：請協助將機器與93S-CK000023-000|93S-CK000022-000配對包裝
SO25080109,POD-251129,S50-RU023000-096,NRU-230V-AWP-JAO64G,1,9/24/2025,"NRU-230V-AWP, including  GC-Jetson-AGX64GB-Orin-Nvidia-JetPack-6.0, M.280-SSD-2TB-PCIe44-TLC5WT-TD, Extnd-mPCIeHS-BTWifi-WT-6218_Mod_Cbl-40CM_kits, Extnd-mPCIeHS_GPS-M800_Mod_Cbl-40CM_kits, FPnl-5Ant-NRU230V-AWP"
SO25080109,POD-251129,93S-CK000022-000,Cblkit-FP-NRU-230V-AWP_NRU-240S-AWP,1,10/8/2025,"NRU-230V-AWP or NRU-240S-AWP front panel cable kit, including: 1x Cbl-TpCPlug-UTpCF-50CM, 1x Cbl-M12A8M-2U2TA-180CM1, 3x Cbl-M12A8M-2DB9M_OW2-180CM, 5x Cbl-M12X8M-RJ45F-100CM"
SO25080109,POD-251129,93S-CK000023-000,Cblkit-BP-NRU-230V-AWP,1,9/24/2025,"NRU-230V-AWP back panel cable kit, including 8x Cbl-FAKRA-ZFM-ZFM-12M"
SO25080110,POD-251130,S60-SL174410-001,SEMIL-1744GC-ADA-i7OCG9-65W,1,,"SEMIL-1744GC-ADA, including  Risr-M2B-mPCIe-SIMslot, i7-9700E, 2x DDR4-32GB-WT32-SM, SSD-2TB-TLC5WT-TD, M.2-LTE-7455, 3x DtC-SMA-WP, Pnl-3Ant-SEMIL17, 3x Cbl-MHF4-SMAF-WP-40CM"
SO25080110,POD-251130,93S-CK000008-000,Cblkit-M12-SEMIL1704,1,,"SEMIL-1704 M12 cable kit, including 4x Cbl-M12X8M-RJ45-CAT6A-500CM, 1x Cbl-M12A8M-2U2TA-180CM, 1x Cbl-M12A17M-VGA-180CM, 1x Cbl-M12A8M-2DB9M_OW2-180CM1, 1x Cbl-M12S4F-OW4-180CM1"
SO25080110,POD-251130,R10Z,CUSTOMER SERVICES,1,,To產線：請將機器與93S-CK000008-000配對包裝
SO25080110,POD-251130,R10Z,CUSTOMER SERVICES,1,,OS-Linux Ubuntu-22.04 桌面版
SO25080110,POD-251130,R10Z,CUSTOMER SERVICES,1,,OS-Linux Ubuntu- NTA訂單帳號預設為neousys/密碼為neo，並選擇默認登入
SO25080110,POD-251130,R10Z,CUSTOMER SERVICES,1,,TO產線：NTA預裝ubuntu訂單，請貼上標籤-Password:neo，於機器標籤下方，如附件
SO25080148,POD-251139,93S-CK000022-000,Cblkit-FP-NRU-230V-AWP_NRU-240S-AWP,2,10/8/2025,"NRU-230V-AWP or NRU-240S-AWP front panel cable kit, including: 1x Cbl-TpCPlug-UTpCF-50CM, 1x Cbl-M12A8M-2U2TA-180CM1, 3x Cbl-M12A8M-2DB9M_OW2-180CM, 5x Cbl-M12X8M-RJ45F-100CM"
SO25080148,POD-251139,93S-CK000023-000,Cblkit-BP-NRU-230V-AWP,2,10/8/2025,"NRU-230V-AWP back panel cable kit, including 8x Cbl-FAKRA-ZFM-ZFM-12M"
SO25080187,POD-251140,S51-RS8805DX-004,RGS-8805GC-DEX-05(EA),1,9/24/2025,"RGS-8805GC-DEX,incl. 7443P-1,GC-RTXA4000-PNY,4xRDDR4-32GB-ECC32-SM,PCIe-PoE354at,PCIe-USB380,M.230-BTWifi-WT-9260 w/2xcables,PCIe-M2E,4xSSD-4TB-TLC-SS,PCIe-9540-8i,Cbl-RAID-9540-4i,M.280-SSD-256GB-PCIe44-TLC5WT-TD,mPCIe-CAN-IPEH-4047 w/4xcables"
SO25080187,POD-251140,398-A5231196-073,Ant-RP_SMAM-WiFi-196MM1,2,9/24/2025,"WiFi Antenna, Swivel type, Frequency: 2.4/5.8 GHz, VSWR: 2.5 : 1 Max, with RP SMA (Male), Length: 196MM"
SO25080187,POD-251140,R10Z,CUSTOMER SERVICES,1,9/24/2025,To產線：請將機器與398-A5231196-073配對包裝
SO25080187,POD-251140,R10Z,CUSTOMER SERVICES,1,9/24/2025,OS-Linux Ubuntu-22.04 桌面版
SO25080187,POD-251140,R10Z,CUSTOMER SERVICES,1,9/24/2025,OS-Linux Ubuntu- 帳號預設為Dex密碼為dexterity2023 ，並選擇默認登入
SO25080187,POD-251140,R10Z,CUSTOMER SERVICES,1,9/24/2025,TO產線：請協助執行BIOS設定變更，如附件
SO25080222,POD-251157,S60-SL204700-029,SEMIL-2047GC-i9IC14-65W-DS,1,10/8/2025,"SEMIL-2047GC, including  i9-14900, 2x DDR5-32GB-48WT-SM, 2x SSD-1TB-TLC5WT-TD, mPCIe-COM-2RS422/485-X202, mPCIe-DIO-0D01, Pnl-3M12-2Ant-SEMIL20, Extnd-mPCIeHS-BTWifi-WT-6218_Mod_Cbl-40CM_kits, 3x DtC-M12-WP, Cbl-W10F-2M12A8F-40CM-IK-COM, Cbl-W40M-..."
SO25080222,POD-251157,930-CK000006-000,Cblkit-M12-SEMIL2000,1,10/8/2025,"SEMIL-2000 series M12 cable kit, including 7xCbl-M12X8M-RJ45-500CM, 1xCbl-M12A8M-2U2TA-180CM1, 2xCbl-M12A8M-2DB9M_OW2-180CM1, 1xCbl-M12A8M-2DB9M-180CM, 1xCable M12 L-Code 5P FML to Cord End Terminal 5P 180cm"
SO25080222,POD-251157,600-39500012-000,Cbl-M12A8M-DB9M-180CM,2,10/8/2025,"M12 A-Code 8P (male) to DB9 (male), Length: 180CM"
SO25080222,POD-251157,39D-395M2184-004,Cbl-M12A8M-DB9F-180CM,1,10/8/2025,"M12 A-Code 8P (male) to DB9 (Female), Length: 180CM"
SO25080222,POD-251157,R10Z,CUSTOMER SERVICES,1,10/8/2025,To產線：請將機器與930-CK000006-000|600-39500012-000|39D-395M2184-004配對包裝
SO25080222,POD-251157,R10Z,CUSTOMER SERVICES,1,10/8/2025,OS-Linux Ubuntu-22.04 桌面版
SO25080222,POD-251157,R10Z,CUSTOMER SERVICES,1,10/8/2025,OS-Linux Ubuntu- NTA訂單帳號預設為neousys/密碼為neo，並選擇默認登入
SO25080222,POD-251157,R10Z,CUSTOMER SERVICES,1,10/8/2025,To產線：NTA預裝ubuntu訂單，請貼上標籤-Password:neo，於機器標籤下方，如附件
SO25080222,POD-251157,R10Z,CUSTOMER SERVICES,1,10/8/2025,To產線：機器標籤因字元限制無法完整顯示，請協助製作客製標籤，內容如附件
SO25080240,POD-251162,507-N2525643-147,M.280-SSD-256GB-PCIe44-TLC5WT-TD,10,9/24/2025,"M.2 SSD 256GB, Key M 2280, TLC, NVMe PCIe Gen 4x4, -40°C~+85°C, Transcend."
SO25080243,POD-251163,S60-GC916002-032,Nuvo-9160GC-4060,1,9/24/2025,"Nuvo-9160GC, I226 version, including  GIGABYTE GeForce RTX 4060 D6 8G"
SO25080244,POD-251164,S51-RS8805DX-005,RGS-8805GC-DEX-06(EA),1,,"RGS-8805GC-DEX,incl. 7443P-1,GC-RTXA4000-PNY,2xRDDR4-64GB-ECC32-SM,PCIe-PoE354at,PCIe-USB380,M.230-BTWifi-WT-9260 w/2xcables,PCIe-M2E,4xSSD-4TB-TLC-SS,PCIe-9540-8i,Cbl-RAID-9540-4i,M.280-SSD-256GB-PCIe44-TLC5WT-TD,mPCIe-CAN-IPEH-4047 w/4xcables"
SO25080244,POD-251164,398-A5231196-073,Ant-RP_SMAM-WiFi-196MM1,2,,"WiFi Antenna, Swivel type, Frequency: 2.4/5.8 GHz, VSWR: 2.5 : 1 Max, with RP SMA (Male), Length: 196MM"
SO25080244,POD-251164,R10Z,CUSTOMER SERVICES,1,,To產線：請將機器與398-A5231196-073配對包裝
SO25080244,POD-251164,R10Z,CUSTOMER SERVICES,1,,OS-Linux Ubuntu-22.04 桌面版
SO25080244,POD-251164,R10Z,CUSTOMER SERVICES,1,,OS-Linux Ubuntu- 帳號預設為Dex密碼為dexterity2023 ，並選擇默認登入
SO25080244,POD-251164,R10Z,CUSTOMER SERVICES,1,,To產線：請協助執行BIOS設定變更，如附件
SO25080256,POD-251172,140-A00978GE-121,E-2278GE,5,10/15/2025,"Intel® Xeon E-2278GE Processor (16M Cache, up to 4.70 GHz), TDP:80W CPU, installation and burn in test included"
SO25080256,POD-251172,R10Z,CUSTOMER SERVICES,5,10/15/2025,To理貨：請協助確認CPU產地非中國製
SO25080257,POD-251173,S51-SL1748B1-003,SEMIL-1748GC-10G-L4-EL06,1,10/1/2025,"SEMIL-1748GC-10G-L4-BSK(EA), including E-2278GE, DDR4-32GB-ECC26WT-DL, M.280-SSD-2TB-PCIe44-TLC5ET-TD, Cbl-W20F-M12A10F-40CM-IK-COM, mPCIe-CAN-IPEH-4047, mPCIe-COM-2RS232-X203, 4x Cbl-W5M-M12A5M-40CM-PK-CANFD-TP, DtC-M12-WP, 4x DtC-M12M-WP."
SO25080257,POD-251173,R10Z,CUSTOMER SERVICES,1,10/1/2025,OS-Linux Ubuntu-22.04 桌面版
SO25080257,POD-251173,R10Z,CUSTOMER SERVICES,1,10/1/2025,OS-Linux Ubuntu- NTA訂單帳號預設為neousys/密碼為neo，並選擇默認登入
SO25080257,POD-251173,R10Z,CUSTOMER SERVICES,1,10/1/2025,To產線：NTA預裝ubuntu訂單，請貼上標籤-Password:neo，於機器標籤下方，如附件
SO25080277,POD-251178,600-50700155-000,M.280-SSD-4TB-PCIe4-TLCWT5-IK,4,9/24/2025,"M.2 SSD 4TB, Key B+M 2280, TLC, -40°C~+85°C, BICS5, NVMe PCIe Gen4x4"
SO25080289,POD-251179,S51-RU0222UB-002,NRU-222S-UBER(EA),20,10/1/2025,"NRU-222S, including GC-Jetson-AGX32GB-Orin-Nvidia, M.280-SSD-1TB-PCIe44-TLC5WT-TD, M.230-BTWIFI-AX210, mPCIe-M2E, 2x Cbl-MHF4-RP_SMAF-30CM, M.2-LTE-7455, Risr-M2B-mPCIe-SIMslot, 3x Cbl-MHF4-SMAF-30CM"
SO25080289,POD-251179,398-A5231196-073,Ant-RP_SMAM-WiFi-196MM1,40,10/1/2025,"WiFi Antenna, Swivel type, Frequency: 2.4/5.8 GHz, VSWR: 2.5 : 1 Max, with RP SMA (Male), Length: 196MM"
SO25080289,POD-251179,398-A2161163-091,Ant-SMAM-LTE,40,10/1/2025,"LTE Antenna, Frequency: 698-960, 1710-2170, 2300-2700MHz, VSWR: 4.0 : 1 Max, Polarization: Linear, Vertical, with SMA(Male)"
SO25080289,POD-251179,39D-M1152100-004,Cbl-M12A5F-OT2-Black-Red-Fuse-100CM,20,10/1/2025,"M12(5-pole-A-code Female) to 2P O terminal, w/FUSE, Length:100CM"
SO25080289,POD-251179,R10Z,CUSTOMER SERVICES,20,10/1/2025,To產線：請將機器與398-A5231196-073|398-A2161163-091|39D-M1152100-004配對包裝
SO25080290,POD-251180,S51-RU0222UB-002,NRU-222S-UBER(EA),20,10/8/2025,"NRU-222S, including GC-Jetson-AGX32GB-Orin-Nvidia, M.280-SSD-1TB-PCIe44-TLC5WT-TD, M.230-BTWIFI-AX210, mPCIe-M2E, 2x Cbl-MHF4-RP_SMAF-30CM, M.2-LTE-7455, Risr-M2B-mPCIe-SIMslot, 3x Cbl-MHF4-SMAF-30CM"
SO25080290,POD-251180,398-A5231196-073,Ant-RP_SMAM-WiFi-196MM1,40,10/8/2025,"WiFi Antenna, Swivel type, Frequency: 2.4/5.8 GHz, VSWR: 2.5 : 1 Max, with RP SMA (Male), Length: 196MM"
SO25080290,POD-251180,398-A2161163-091,Ant-SMAM-LTE,40,10/8/2025,"LTE Antenna, Frequency: 698-960, 1710-2170, 2300-2700MHz, VSWR: 4.0 : 1 Max, Polarization: Linear, Vertical, with SMA(Male)"
SO25080290,POD-251180,39D-M1152100-004,Cbl-M12A5F-OT2-Black-Red-Fuse-100CM,20,10/8/2025,"M12(5-pole-A-code Female) to 2P O terminal, w/FUSE, Length:100CM"
SO25080290,POD-251180,R10Z,CUSTOMER SERVICES,20,10/8/2025,To產線：請將機器與398-A5231196-073|398-A2161163-091|39D-M1152100-004配對包裝
SO25080291,POD-251181,S51-RU0222UB-002,NRU-222S-UBER(EA),20,,"NRU-222S, including GC-Jetson-AGX32GB-Orin-Nvidia, M.280-SSD-1TB-PCIe44-TLC5WT-TD, M.230-BTWIFI-AX210, mPCIe-M2E, 2x Cbl-MHF4-RP_SMAF-30CM, M.2-LTE-7455, Risr-M2B-mPCIe-SIMslot, 3x Cbl-MHF4-SMAF-30CM"
SO25080291,POD-251181,398-A5231196-073,Ant-RP_SMAM-WiFi-196MM1,40,,"WiFi Antenna, Swivel type, Frequency: 2.4/5.8 GHz, VSWR: 2.5 : 1 Max, with RP SMA (Male), Length: 196MM"
SO25080291,POD-251181,398-A2161163-091,Ant-SMAM-LTE,40,,"LTE Antenna, Frequency: 698-960, 1710-2170, 2300-2700MHz, VSWR: 4.0 : 1 Max, Polarization: Linear, Vertical, with SMA(Male)"
SO25080291,POD-251181,39D-M1152100-004,Cbl-M12A5F-OT2-Black-Red-Fuse-100CM,20,,"M12(5-pole-A-code Female) to 2P O terminal, w/FUSE, Length:100CM"
SO25080291,POD-251181,R10Z,CUSTOMER SERVICES,20,,To產線：請將機器與398-A5231196-073|398-A2161163-091|39D-M1152100-004配對包裝
SO25080292,POD-251182,S51-RU0222UB-002,NRU-222S-UBER(EA),20,,"NRU-222S, including GC-Jetson-AGX32GB-Orin-Nvidia, M.280-SSD-1TB-PCIe44-TLC5WT-TD, M.230-BTWIFI-AX210, mPCIe-M2E, 2x Cbl-MHF4-RP_SMAF-30CM, M.2-LTE-7455, Risr-M2B-mPCIe-SIMslot, 3x Cbl-MHF4-SMAF-30CM"
SO25080292,POD-251182,398-A5231196-073,Ant-RP_SMAM-WiFi-196MM1,40,,"WiFi Antenna, Swivel type, Frequency: 2.4/5.8 GHz, VSWR: 2.5 : 1 Max, with RP SMA (Male), Length: 196MM"
SO25080292,POD-251182,398-A2161163-091,Ant-SMAM-LTE,40,,"LTE Antenna, Frequency: 698-960, 1710-2170, 2300-2700MHz, VSWR: 4.0 : 1 Max, Polarization: Linear, Vertical, with SMA(Male)"
SO25080292,POD-251182,39D-M1152100-004,Cbl-M12A5F-OT2-Black-Red-Fuse-100CM,19,,"M12(5-pole-A-code Female) to 2P O terminal, w/FUSE, Length:100CM"
SO25080292,POD-251182,39D-M1152100-004,Cbl-M12A5F-OT2-Black-Red-Fuse-100CM,1,,"M12(5-pole-A-code Female) to 2P O terminal, w/FUSE, Length:100CM"
SO25080292,POD-251182,R10Z,CUSTOMER SERVICES,20,,To產線：請將機器與398-A5231196-073|398-A2161163-091|39D-M1152100-004配對包裝
SO25080293,POD-251183,S51-RU0222UB-002,NRU-222S-UBER(EA),25,,"NRU-222S, including GC-Jetson-AGX32GB-Orin-Nvidia, M.280-SSD-1TB-PCIe44-TLC5WT-TD, M.230-BTWIFI-AX210, mPCIe-M2E, 2x Cbl-MHF4-RP_SMAF-30CM, M.2-LTE-7455, Risr-M2B-mPCIe-SIMslot, 3x Cbl-MHF4-SMAF-30CM"
SO25080293,POD-251183,398-A5231196-073,Ant-RP_SMAM-WiFi-196MM1,50,,"WiFi Antenna, Swivel type, Frequency: 2.4/5.8 GHz, VSWR: 2.5 : 1 Max, with RP SMA (Male), Length: 196MM"
SO25080293,POD-251183,398-A2161163-091,Ant-SMAM-LTE,50,,"LTE Antenna, Frequency: 698-960, 1710-2170, 2300-2700MHz, VSWR: 4.0 : 1 Max, Polarization: Linear, Vertical, with SMA(Male)"
SO25080293,POD-251183,39D-M1152100-004,Cbl-M12A5F-OT2-Black-Red-Fuse-100CM,25,,"M12(5-pole-A-code Female) to 2P O terminal, w/FUSE, Length:100CM"
SO25080293,POD-251183,R10Z,CUSTOMER SERVICES,25,,To產線：請將機器與398-A5231196-073|398-A2161163-091|39D-M1152100-004配對包裝
SO25080294,POD-251184,S51-RU0222UB-002,NRU-222S-UBER(EA),20,,"NRU-222S, including GC-Jetson-AGX32GB-Orin-Nvidia, M.280-SSD-1TB-PCIe44-TLC5WT-TD, M.230-BTWIFI-AX210, mPCIe-M2E, 2x Cbl-MHF4-RP_SMAF-30CM, M.2-LTE-7455, Risr-M2B-mPCIe-SIMslot, 3x Cbl-MHF4-SMAF-30CM"
SO25080294,POD-251184,398-A5231196-073,Ant-RP_SMAM-WiFi-196MM1,40,,"WiFi Antenna, Swivel type, Frequency: 2.4/5.8 GHz, VSWR: 2.5 : 1 Max, with RP SMA (Male), Length: 196MM"
SO25080294,POD-251184,398-A2161163-091,Ant-SMAM-LTE,40,,"LTE Antenna, Frequency: 698-960, 1710-2170, 2300-2700MHz, VSWR: 4.0 : 1 Max, Polarization: Linear, Vertical, with SMA(Male)"
SO25080294,POD-251184,39D-M1152100-004,Cbl-M12A5F-OT2-Black-Red-Fuse-100CM,20,,"M12(5-pole-A-code Female) to 2P O terminal, w/FUSE, Length:100CM"
SO25080294,POD-251184,R10Z,CUSTOMER SERVICES,20,,To產線：請將機器與398-A5231196-073|398-A2161163-091|39D-M1152100-004配對包裝
SO25080318,POD-251188,S60-RU017200-001,NRU-172S-PPC-JON16-NS,1,10/1/2025,"NRU-172S-PPC, including  M.242-SSD-128GB-PCIe34-TLC5WT-TD, mPCIe-DIO-0D01, RPnl-M12-NRU-172S-PPC, GC-Jetson-NX16G-Orin-Nvidia-JetPack 6.0, DtC-M12-WP, Cbl-W40M-M12A8F-40CM-IK-DIO1"
SO25080318,POD-251188,930-CK000013-000,Cblkit-NRU-172S-PPC,1,10/1/2025,"NRU-172S-PPC cable kit, including: 5xCbl-M12X8M-RJ45F-100CM, 1xCbl-M12A8M-2U2TA-180CM1, 1xCbl-M12A8M-2DB9M_OW2-180CM1"
SO25080318,POD-251188,R10Z,CUSTOMER SERVICES,1,10/1/2025,To產線：請將機器與930-CK000013-000配對包裝
SO25080339,POD-251191,S60-SL204700-029,SEMIL-2047GC-i9IC14-65W-DS,2,10/8/2025,"SEMIL-2047GC, including i9-14900, 2x DDR5-32GB-48WT-SM, 2x SSD-1TB-TLC5WT-TD, mPCIe-COM-2RS422/485-X202, mPCIe-DIO-0D01, Pnl-3M12-2Ant-SEMIL20, E-mPCIe-BTWifi-WT-6218_Mod_40CM, 3x DtC-M12-WP, Cbl-W10F-2M12A8F-40CM-IK-COM, Cbl-W40M-M12A8F-40CM-IK-DIO1"
SO25080339,POD-251191,930-CK000006-000,Cblkit-M12-SEMIL2000,2,10/8/2025,"SEMIL-2000 series M12 cable kit, including 7xCbl-M12X8M-RJ45-500CM, 1xCbl-M12A8M-2U2TA-180CM1, 2xCbl-M12A8M-2DB9M_OW2-180CM1, 1xCbl-M12A8M-2DB9M-180CM, 1xCable M12 L-Code 5P FML to Cord End Terminal 5P 180cm"
SO25080339,POD-251191,600-39500012-000,Cbl-M12A8M-DB9M-180CM,4,10/8/2025,"M12 A-Code 8P (male) to DB9 (male), Length: 180CM"
SO25080339,POD-251191,39D-395M2184-004,Cbl-M12A8M-DB9F-180CM,2,10/29/2025,"M12 A-Code 8P (male) to DB9 (Female), Length: 180CM"
SO25080339,POD-251191,R10Z,CUSTOMER SERVICES,2,10/8/2025,OS-Linux Ubuntu-22.04 桌面版
SO25080339,POD-251191,R10Z,CUSTOMER SERVICES,2,10/8/2025,OS-Linux Ubuntu- NTA訂單帳號預設為neousys/密碼為neo，並選擇默認登入
SO25080339,POD-251191,R10Z,CUSTOMER SERVICES,2,10/8/2025,To產線：NTA預裝ubuntu訂單，請貼上標籤-Password:neo，於機器標籤下方，如附件
SO25080339,POD-251191,R10Z,CUSTOMER SERVICES,2,10/8/2025,To產線：請將機器與930-CK000006-000|600-39500012-000配對包裝
SO25080394,POD-251205,930-CK000006-000,Cblkit-M12-SEMIL2000,1,10/22/2025,"SEMIL-2000 series M12 cable kit, including 7xCbl-M12X8M-RJ45-500CM, 1xCbl-M12A8M-2U2TA-180CM1, 2xCbl-M12A8M-2DB9M_OW2-180CM1, 1xCbl-M12A8M-2DB9M-180CM, 1xCable M12 L-Code 5P FML to Cord End Terminal 5P 180cm"
SO25080395,POD-251206,S50-SL204700-063,SEMIL-2047GC-i9IC14-65W-DS,1,9/24/2025,"SEMIL-2047GC, including  i9-14900, 2x DDR5-32GB-48WT-SM, SSD-2TB-TLC5WT-TD, M.280-SSD-2TB-PCIe44-TLC5WT-TD"
SO25080395,POD-251206,391-U4321500-035,Cbl-TpCPlug-UTpCF-50CM,2,9/24/2025,"TypeC Male Plug to USB Type-C FML Cable, Length : 50CM"
SO25080395,POD-251206,930-PA000003-000,PA-600W-C4PY-4P,1,9/24/2025,"600W AC-DC power adapter 24V 25A, 85~264VAC, -20~+70°C, w/ 4PY Terminal to 4P End Terminal cable for AWP/SEMIL"
SO25080395,POD-251206,R10Z,CUSTOMER SERVICES,1,9/24/2025,OS-Linux Ubuntu-22.04 桌面版
SO25080395,POD-251206,R10Z,CUSTOMER SERVICES,1,9/24/2025,OS-Linux Ubuntu- NTA訂單帳號預設為neousys/密碼為neo，並選擇默認登入
SO25080395,POD-251206,R10Z,CUSTOMER SERVICES,1,9/24/2025,To產線：請將機器與391-U4321500-035|930-PA000003-000配對包裝
SO25080395,POD-251206,R10Z,CUSTOMER SERVICES,1,9/24/2025,To產線：NTA預裝ubuntu訂單，請貼上標籤-Password:neo，於機器標籤下方，如附件
SO25080396,POD-251207,906-PE0154P0-A12,PCIe-NX154-JON16-NS,6,,Rugged NVIDIA® Jetson Orin™ NX PCIe Card with 4x PoE+ GbE Ports for Intelligent Video Analytics
SO25080396,POD-251207,500-S2030016-002,GC-Jetson-NX16G-Orin-Nvidia,6,,"Jetson Orin NX 16GB Module, Ampere GPU(1024 CUDA Core+32 Tensor Core), 8 core Cortex-A78AE ARMv8.2(64-bit) CPU, 16GB LPDDR5, PCIe Gen4 x4, 8x MIPI CSI-2, -25~+90°C (Tj), 10-25W, 69.6x45mm(260 pin SO-DIMM), NVIDIA 900-13767-0000-000"
SO25080396,POD-251207,507-N2425623-047,M.242-SSD-256GB-PCIe34-TLC5WT-TD,6,,"M.2 SSD 256GB, Key M 2242, TLC, NVMe PCIe Gen 3x4, -40°C~+85°C, Transcend."
SO25080396,POD-251207,R10Z,CUSTOMER SERVICES,6,,To產線：請協助安裝JetPack-5.1.1
SO25080415,POD-251215,93S-CK000022-000,Cblkit-FP-NRU-230V-AWP_NRU-240S-AWP,1,9/24/2025,"NRU-230V-AWP or NRU-240S-AWP front panel cable kit, including: 1x Cbl-TpCPlug-UTpCF-50CM, 1x Cbl-M12A8M-2U2TA-180CM1, 3x Cbl-M12A8M-2DB9M_OW2-180CM, 5x Cbl-M12X8M-RJ45F-100CM"
SO25080415,POD-251215,93S-CK000023-000,Cblkit-BP-NRU-230V-AWP,1,10/8/2025,"NRU-230V-AWP back panel cable kit, including 8x Cbl-FAKRA-ZFM-ZFM-12M"
SO25080417,POD-251217,600-50700038-000,mSATA-512GB-TLCWT-IK,6,10/8/2025,"mSATA TLC 512GB SSD, -40 ~ 85°C"
SO25080422,POD-251212,505-D1115132-023,DDR5-8GB-56WT-SM,10,,DDR5-5600 1.1V 8GB SO-DIMM -40~+85°C-WT
SO25080434,POD-251223,600-55000006-000,Win10Pro-ENG64,1,9/24/2025,Win PRO 10 64BIT ENGLISH 1PK DVD
SO25080471,POD-251224,950-ECB00600-A10,Nuvo-11006E-PoE,4,,"Intel® Core™ Ultra 200 Series Rugged Embedded Computer with 6x 2.5GbE/GbE, USB 3.2, single-slot PCIe Cassette & MezIO® Interface, option of 802.3at PoE+ PSE for 2.5GbE port 3 ~ port 6."
SO25080471,POD-251224,950-ECB00601-A10,Nuvo-11006E,4,,"Intel® Core™ Ultra 200 Series Rugged Embedded Computer with 6x 2.5GbE/GbE, USB 3.2, single-slot PCIe Cassette & MezIO® Interface"
SO25080471,POD-251224,950-ECB00602-A10,Nuvo-11006E-PoE-10G,4,,"Intel® Core™ Ultra 200 Series Rugged Embedded Computer with 10GbE, 6x 2.5GbE/GbE, USB 3.2, single-slot PCIe Cassette & MezIO® Interface, option of 802.3at PoE+ PSE for 2.5GbE port 3 ~ port 6."
SO25080471,POD-251224,950-ECB00610-A10,Nuvo-11006LP,4,,"Intel® Core™ Ultra 200 Series Rugged Embedded Computer with 6x 2.5GbE/GbE, USB 3.2, MezIO™ Interface & 2.5” HDD tray"
SO25080471,POD-251224,950-ECB00611-A10,Nuvo-11006LP-PoE,4,,"Intel® Core™ Ultra 200 Series Rugged Embedded Computer with 6x 2.5GbE/GbE, USB 3.2, MezIO™ Interface & 2.5” HDD tray,  option of 802.3at PoE+ PSE for 2.5GbE port 3 ~ port 6."
SO25080471,POD-251224,950-ECB00612-A10,Nuvo-11006LP-PoE-10G,4,,"Intel® Core™ Ultra 200 Series Rugged Embedded Computer with 10GbE, 6x 2.5GbE/GbE, USB 3.2, MezIO™ Interface & 2.5” HDD tray,  option of 802.3at PoE+ PSE for 2.5GbE port 3 ~ port 6."
SO25080471,POD-251224,950-ECB53100-A10,Nuvo-11531,4,,"Intel® Core™ Ultra 200 Series Compact Fanless Computer with 4x 2.5GbE, 4x USB3.2"
SO25080471,POD-251224,950-ECB53101-A10,Nuvo-11531-PoE,4,,"Intel® Core™ Ultra 200 Series Compact Fanless Computer with 4x PoE+ 2.5GbE, 4x USB3.2"
SO25080472,POD-251227,800-GC820800-A32,Nuvo-8208GC-MB-A3,1,9/24/2025,"Nuvo-8208GC motherboard, thermal pad and TIM"
SO25080472,POD-251227,809-BP820800-A23,Nuvo-8208GC-BP-A2,1,9/24/2025,Nuvo-8208GC Backplane PCBA.
SO25080473,POD-251230,950-EC900281-A11,Nuvo-9002LP-UL,20,,"Intel® 14th/ 13th/12th-Gen Core™ Rugged Embedded Computer with 2x 2.5GbE (I226-IT)/ GbE, USB 3.2 Type-C, MezIO® Interface, 2.5” HDD tray & UL certified"
SO25080473,POD-251230,510-A1280243-141,PA-280W-ET3,20,,"280W AC-DC power Adapter(GST280A24-YI), 24V 11.67A, 85~264VAC 120~370VDC, C6P Plug, w/ terminal block, -30~+70°C"
SO25080473,POD-251230,930-DM000001-000,DINRAIL-O,31,,DIN-Rail mounting assembly for Nuvo-1000/3000/5000/7000/9000/11000 series
SO25080476,POD-251237,950-GC810802-A14,Nuvo-8108GC-QD-A6,8,10/8/2025,"Industrial-grade edge AI platform supporting NVIDIA® Quadro RTX 4000, RTX A4000 and RTX A5000  GPU Card, Intel® Xeon® E and 9th/ 8th-Gen Core™ processor with 8~48V wide-range DC input."
SO25080478,POD-251238,S50-RU023000-098,NRU-230V-AWP-JAOi,7,10/8/2025,"NRU-230V-AWP, including  GC-Jetson-AGX64GB-Orin-Industrial-Nvidia-JetPack-6.0, M.280-SSD-2TB-PCIe44-TLC5WT-TD"
SO25080478,POD-251238,S50-RU023000-099,NRU-230V-AWP-JAO64G,9,10/8/2025,"NRU-230V-AWP, including  GC-Jetson-AGX64GB-Orin-Nvidia-JetPack 5.1.1, M.280-SSD-2TB-PCIe44-TLC5WT-TD"
SO25080478,POD-251238,930-AC000003-000,AC-IMX390-H190,12,10/8/2025,Sony IMX390 CMOS sensor camera; 1920x1080 @30fps; LFM; HFOV 186°; IP67+IP69K; -40°C to 85°C operating temperature; male FAKRA connector; active alignment; without lens cap
SO25080478,POD-251238,930-AC000014-000,AC-IMX490-H60,1,10/8/2025,Sony IMX490 CMOS sensor camera; 2880x1860 @30fps; LFM; HFOV 62.5°; IP67+IP69K; -40°C to 85°C operating temperature; male FAKRA connector; active alignment; without lens cap
SO25080478,POD-251238,930-AC000015-000,AC-IMX490-H120,1,10/8/2025,Sony IMX490 CMOS sensor camera; 2880x1860 @30fps; LFM; HFOV 120°; IP67+IP69K; -40°C to 85°C operating temperature; male FAKRA connector; active alignment; without lens cap
SO25080504,POD-251243,S50-XC804100-PU1,Nuvo-8041-i5HCG9-65W,1,9/24/2025,"Nuvo-8041, including  i5-9500E"
SO25080505,POD-251244,510-M1600243-012,PA-600W-ENC,20,9/24/2025,"600W AC-DC power Adapter (PMC-24V600W1RW), 24V/25A, 85~264VAC, Operating Temperature : -20~+70°C"
SO25080505,POD-251244,396-P1121501-043,Cbl-OW-OW2-Black-50CM1,10,9/24/2025,"Cord End Terminal 14AWG lP to 2P, 600V/15A, Color: Black, Length: 50CM"
SO25080505,POD-251244,396-P1121502-043,Cbl-OW-OW2-Red-50CM1,10,9/24/2025,"Cord End Terminal 14AWG lP to 2P, 600V/15A, Color: Red, Length: 50CM"
SO25080505,POD-251244,507-N2501T43-012,M.280-SSD-1TB-PCIe44-TLC5-PN,20,9/24/2025,"M.2 SSD 1TB, Key M 2280, TLC, NVMe PCIe Gen 4x4, 0°C~+70°C, Phison."
SO25080505,POD-251244,950-EC750100-A15,Nuvo-7501,4,9/24/2025,Intel® 8th-Gen Coffee Lake Core™ i7/i5/i3 compact fanless embedded computer with 2xGbE and 4xCOM.
SO25080505,POD-251244,507-S2251213-052,SSD-512GB-TLC5ET-PN,5,9/24/2025,"2.5"" SATA SSD 512GB TLC, -25~85℃, Phison"
SO25080505,POD-251244,501-W1336218-077,mPCIeHS-BTWifi-WT-6218,15,9/24/2025,"802.11ac/a/b/g/n, 2T2R WiFi + BT4.2 half size mini-PCIe module, -40 ~ 85°C"
SO25080505,POD-251244,501-W1336218-077,mPCIeHS-BTWifi-WT-6218,5,10/29/2025,"802.11ac/a/b/g/n, 2T2R WiFi + BT4.2 half size mini-PCIe module, -40 ~ 85°C"
SO25080506,POD-251245,510-A1160202-181,PA-160W-OW,40,9/24/2025,"160W AC-DC power Adapter, 20V 8A,  90~264VAC 127~370VDC, Open-Wire Terminal,30~+70°C, Non-CCC"
SO25090001,POD-251246,950-MV730600-020,Nuvis-7306RT-DTIO(EA),1,10/8/2025,"Intel® 8th/ 9th-Gen Core™ i  machine vision controller with vision-specific I/O, real-time controler by patented DTIO V2 and GPU-computing."
SO25090002,POD-251247,950-GC916003-A20,Nuvo-9160GC-PoE,6,10/8/2025,"Ruggedized GPU-Computing Platform Supporting 130W nVidia® GPU and Intel® 12th-Gen Core™ Processor, with IEEE 802.3at PoE+ (I226-IT)"
SO25090003,POD-251248,93S-GB000001-000,Gpubr-Nuvo9160-01,5,10/8/2025,"Nuvo-9160GC GPU bracket kit for RTX A2000, RTX 2000 Ada, and RTX 4000 SFF Ada"
SO25090003,POD-251248,950-EC900693-A11,Nuvo-9006DE-PoE-UL,5,10/8/2025,"Intel® 14th/ 13th/12th -Gen Core™ Rugged Embedded Computer with 6x 2.5GbE (I226-IT)/ GbE, USB 3.2 Type-C, dual-slot PCIe Cassette & MezIO® Interface & UL certified, option of 802.3at PoE+ PSE for 2.5GbE port 3 ~ port 6."
SO25090021,POD-251251,S50-SL200700-125,SEMIL-2007-i9IC14-65W-DS,2,10/8/2025,"SEMIL-2007, including  i9-14900, 2x DDR5-32GB-48WT-SM, SSD-2TB-TLC5WT-TD, M.280-SSD-1TB-PCIe44-TLC5WT-TD"
SO25090021,POD-251251,391-U4301500-035,Cbl-TpCPlug-U3TA-50CM,2,10/8/2025,"TypeC Male Plug to USB3.0 Type-A FML, Length: 50CM"
SO25090021,POD-251251,395-M1282500-004,Cbl-M12X8M-RJ45-CAT6A-500CM,8,10/8/2025,"M12( 8-pole-X-coded) to RJ45, CAT6A, Length : 500CM"
SO25090021,POD-251251,395-M1452189-004,Cbl-M12L5F-CordEnd5-180CM,4,10/8/2025,"M12 L-Code 5P(FML) to Cord End Terminal 5P, Length: 1.8M"
SO25090021,POD-251251,395-M1182181-104,Cbl-M12A8M-2U2TA-180CM2,4,10/8/2025,"Waterproof M12 (8-pole-A-coded) w/ copper shielding  to 2xUSB 2.0 type A (female), Length: 180CM"
SO25090021,POD-251251,R10Z,CUSTOMER SERVICES,4,10/8/2025,OS-Linux Ubuntu-22.04 桌面版
SO25090021,POD-251251,R10Z,CUSTOMER SERVICES,4,10/8/2025,OS-Linux Ubuntu- NTA訂單帳號預設為neousys/密碼為neo，並選擇默認登入
SO25090021,POD-251251,R10Z,CUSTOMER SERVICES,4,10/8/2025,NTA預裝ubuntu訂單，請貼上標籤-Password:neo，於機器標籤下方，如附件
SO25090021,POD-251251,R10Z,CUSTOMER SERVICES,4,10/8/2025,To產線：請協助將機器與391-U4301500-035|395-M1282500-004|395-M1452189-004|395-M1182181-104配對包裝
SO25090072,POD-251255,950-EC900232-A21,Nuvo-9002LP,20,10/15/2025,"Intel® 14th/ 13th/12th -Gen Core™ Rugged Embedded Computer with 2x 2.5GbE (I226-IT)/ GbE, USB 3.2 Type-C, MezIO® Interface & 2.5” HDD tray"
SO25090098,POD-251261,S51-SL2047CR-006,SEMIL-2047GC-CRL-CF03,3,,"SEMIL-2047GC-CRL, including i9-13900E, 2x SSD-2TB-TLC5WT-TD, M.280-SSD-4TB-PCIe4-TLCWT5-NH-IK, 2x DDR5-32GB-48WT-SM, mPCIe-COM-4RS232/422/485-X404, mPCIe-CAN-IPEH-4047,Cbl-W20F-2M12A10F-40CM-IK-COM, 4x Cbl-W5M-M12A5F-40CM-PK-CANFD-TP, 6x DtC-M12-WP."
SO25090098,POD-251261,R10Z,CUSTOMER SERVICES,3,,OS-Linux Ubuntu-22.04 桌面版
SO25090098,POD-251261,R10Z,CUSTOMER SERVICES,3,,OS-Linux Ubuntu- NTA訂單帳號預設為neousys/密碼為neo，並選擇默認登入
SO25090098,POD-251261,R10Z,CUSTOMER SERVICES,3,,To產線：NTA預裝ubuntu訂單，請貼上標籤-Password:neo，於機器標籤下方，如附件
SO25090115,POD-251229,S60-SL170800-022,SEMIL-1708-E2278GE-HIA01-NTA,3,,"SEMIL-1708, including  E-2278GE, 2x DDR4-32GB-ECC26WT-DL, M.280-SSD-2TB-PCIe44-TLC5WT-TD, SSD-2TB-TLC5WT-TD"
SO25090115,POD-251229,395-M1282500-004,Cbl-M12X8M-RJ45-CAT6A-500CM,24,,"M12( 8-pole-X-coded) to RJ45, CAT6A, Length : 500CM"
SO25090115,POD-251229,395-M1182181-104,Cbl-M12A8M-2U2TA-180CM2,6,,"Waterproof M12 (8-pole-A-coded) w/ copper shielding  to 2xUSB 2.0 type A (female), Length: 180CM"
SO25090115,POD-251229,395-M11H2183-204,Cbl-M12A17M-VGA-180CM3,3,,"M12 (17-pole-A-coded-S) to VGA (male), Length : 180CM"
SO25090115,POD-251229,395-M118218A-104,Cbl-M12A8M-2DB9M_OW2-180CM1,3,,"Cable 180cm, Waterproof M12 A-Code Male 8P to x2 DB9 Male+2P, 亞佳"
SO25090115,POD-251229,395-M2342189-004,Cbl-M12S4F-CordEnd4-180CM,3,,"M12 S-Code Female 4P to Cord End Terminal 4P, Length:180cm"
SO25090115,POD-251229,93S-PA000013-000,PA-280W-CW6P-2P-1,3,,"280W AC/DC power adapter(GST280A24-C6P) 24V 11.67A, 85~264VAC 120~370VDC, w/ Wafer FML6P to End Terminal 2P cable, 300V, 22AWG with power cord for NTA."
SO25090115,POD-251229,R10Z,CUSTOMER SERVICES,3,,To產線：機器與線材完工後請不要封箱，並通知NTA-Brenda(#2144)
SO25090117,POD-251228,R003,Engineer Service- COS,1,,"Engineer service for NRE, installation, integration, customizations, certification, etc. provided by supplier."
SO25090135,POD-251275,950-EC953101-A26,Nuvo-9531-PoE,8,10/8/2025,"Intel® Alder Lake 12th-Gen Core™ compact fanless computer with 4x PoE+ , 4x USB3.2 and 1x hot-swappable HDD tray."
SO25090135,POD-251275,507-N2551243-012,M.280-SSD-512GB-PCIe44-TLC5-PN,8,10/15/2025,"M.2 SSD 512GB, Key M 2280, TLC, NVMe PCIe Gen 4x4, 0°C~+70°C, Phison."
SO25090136,POD-251276,950-GCA10801-A30,Nuvo-10108GC-10G,2,10/15/2025,"Industrial-grade GPU Computing Edge AI Platform Supporting an NVIDIA® RTX 40 Series Graphics Card, Intel® 14th/13th/12th-Gen Core™ Processor, with 10GbE option"
SO25090136,POD-251276,510-A1120202-181,PA-120W-OW,40,9/24/2025,"120W AC/DC power adapter(GST120A20-JD) 20V/6A;18AWG/120cm;Cord end terminals for  terminal block, Operating Temperature :  -30 to 70 °C."
SO25090137,POD-251277,930-GH000005-000,AccsyBx-Cardholder-10108GC-5080_70_70Ti,1,9/24/2025,"Nuvo-10108GC GPU bracket kit for MSI RTX 5080,5070,5070Ti Ventus 3X"
SO25090138,POD-251278,S50-EC700630-138,Nuvo-7006LP-i7OCG9-65W-IFP01,20,10/15/2025,"Nuvo-7006LP, including  i7-9700E, DDR4-16GB-32-SM"
SO25090138,POD-251278,930-DM000001-000,DINRAIL-O,20,10/15/2025,DIN-Rail mounting assembly for Nuvo-1000/3000/5000/7000/9000/11000 series
SO25090138,POD-251278,R10Z,CUSTOMER SERVICES,20,10/15/2025,TO產線：請將機器與930-DM000001-000配對包裝
SO25090139,POD-251279,S50-RU012000-PU8,NRU-120S-AGX32G,4,10/15/2025,"NRU-120S, including  GC-Jetson-AGX-Xavier-Nvidia_BSP"
SO25090139,POD-251279,930-FN000005-000,AccsyBx-FAN-NRU-100,8,10/15/2025,"Fan kit for NRU-110V, NRU-120S, NRU-220S. It includes fan, fan frame, fan filter, fan cable cover, screws."
SO25090141,POD-251262,R003,Engineer Service- COS,1,,Engineer Service- COS
SO25090142,POD-251272,950-GC716001-A32,Nuvo-7160GC-PoE,5,10/1/2025,"Ruggedized GPU-Computing Platform Supporting 120W nVidia® GPU and Intel® 8th-Gen Core™  Processor, with optional IEEE 802.3at PoE+."
SO25090142,POD-251272,140-A008850T-121,i5-8500T,3,9/24/2025,"Intel® Core™ i5-8500T Processor (9M Cache, up to 3.50 GHz), TDP:35W CPU, installation and burn in test included"
SO25090142,POD-251272,600-55000006-000,Win10Pro-ENG64,3,9/24/2025,Win PRO 10 64BIT ENGLISH 1PK DVD
SO25090143,POD-251273,140-A009970E-121,i7-9700E,10,10/15/2025,"Intel® Core™ i7-9700E Processor (12M Cache, up to 4.40 GHz), TDP:65W CPU, installation and burn in test included"
SO25090143,POD-251273,507-N2551243-147,M.280-SSD-512GB-PCIe44-TLC5WT-TD,15,9/24/2025,"M.2 SSD 512GB, Key M 2280, TLC, NVMe PCIe Gen 4x4, -40°C~+85°C, Transcend."
SO25090143,POD-251273,510-A1060122-171,PA-60W-OW,10,9/24/2025,"60W AC/DC power adapter(GST60A12-JD) with 12V, 5A DC output, Cord end terminals for  terminal block.  Operating Temperature :  -30-60 °C."
SO25090143,POD-251273,507-N1112843-147,M.280-SSD-128GB-SATA-TLC5WT-TD,5,9/24/2025,"M.2 SSD 128GB, Key B+M 2280, TLC, SATA III, -40°C~+85°C, Transcend"
SO25090144,POD-251274,950-UC071201-A11,POC-712-UL,5,10/8/2025,"Intel Atom x7425E Ultra-Compact Embedded Controller with 4x GbE, 4x USB 3.2 and MezIO Interface."
SO25090144,POD-251274,930-WM000004-000,Wmkit-H-POC500,10,10/8/2025,"Wall mounting assembly for POC-500, POC-700 series, horizontal type"
SO25090157,POD-251287,950-UC040000-A28,POC-400,1,10/15/2025,"Intel® ElkhartLake ultra-compact embedded controller with 1x 2.5GbE port, 2x PoE+ ports, 2x USB 3.0 ports and MezIO interface."
SO25090157,POD-251287,930-WM000002-000,Wmkit-H-POC300_400,1,10/15/2025,"Wall mounting assembly for POC-300, POC-400 series, horizontal type"
SO25090158,POD-251288,950-EC900632-A21,Nuvo-9006LP,2,10/8/2025,"Intel® 14th/ 13th/12th -Gen Core™ Rugged Embedded Computer with with 6x 2.5GbE (I226-IT)/ GbE, USB 3.2 Type-C, MezIO® Interface & 2.5” HDD tray"
SO25090158,POD-251288,399-P1132180-082,Cbl-PC-TW-180CM1,100,9/24/2025,"AC Power Cord,18 AWG, 125V/10A,  NPMEA 5-15P Plug, -20°C to +60°C, for Taiwan, Length: 1.8M"
SO25090158,POD-251288,505-D1137532-013,DDR5-32GB-56-SM,6,9/24/2025,DDR5-5600 1.1V 32GB SO-DIMM 0~+85°C
SO25090159,POD-251286,S60-SL204700-034,SEMIL-2047GC-AIM01-25,7,10/15/2025,"SEMIL-2047GC, including  i9-14900, 2x DDR5-16GB-56WT-SM, M.280-SSD-2TB-PCIe44-TLC5WT-TD"
SO25090191,POD-251294,800-RS880000-A16,RGS-8805GC-MB-A1,4,9/24/2025,"Tested RGS-8800GC PCBA, EPYC SP3 socket, 5x PCIe x16 slots, 10G/1G Ethernet."
SO25090219,POD-251297,302-00100324-000,Nuvo-7000DE Front Panel,1,9/24/2025,Nuvo-7000DE Front Panel
SO25090221,POD-251298,950-EC900693-A11,Nuvo-9006DE-PoE-UL,4,10/15/2025,"Intel® 14th/ 13th/12th -Gen Core™ Rugged Embedded Computer with 6x 2.5GbE (I226-IT)/ GbE, USB 3.2 Type-C, dual-slot PCIe Cassette & MezIO® Interface & UL certified, option of 802.3at PoE+ PSE for 2.5GbE port 3 ~ port 6."
SO25090221,POD-251298,950-EC950100-A24,Nuvo-9501,2,10/15/2025,Intel® Alder Lake 12th-Gen Core™compact fanless computer with 2x GbE and 4x USB3.2.
SO25090221,POD-251298,507-S2301T13-067,SSD-1TB-TLC5ET-TD,10,9/24/2025,"2.5"""" SATA SSD 1TB TLC, -20°C~+75°C,Transcend"
SO25090221,POD-251298,510-A1280243-141,PA-280W-ET3,20,9/24/2025,"280W AC-DC power Adapter(GST280A24-YI), 24V 11.67A, 85~264VAC 120~370VDC, C6P Plug, w/ terminal block, -30~+70°C"
SO25090222,POD-251299,140-A01390TE-151,i9-13900TE,1,9/24/2025,"Intel® Core™ i9-13900TE Processor (36M Cache, up to 5.00 GHz), TDP:35W CPU, installation and burn in test included"
SO25090222,POD-251299,R10Z,CUSTOMER SERVICES,1,9/24/2025,To理貨：請協助確認CPU產地非中國製
SO25090222,POD-251299,930-WM000009-000,Wmkit-H-Nuvo9501,1,9/24/2025,"Wall mounting assembly for Nuvo-9501, horizontal type"
SO25090223,POD-251300,S50-RU012000-PU8,NRU-120S-AGX32G,1,,"NRU-120S, including  GC-Jetson-AGX-Xavier-Nvidia_BSP"
SO25090224,POD-251301,140-A00995TE-121,i5-9500TE,7,9/24/2025,"Intel® Core™ i5-9500TE Processor (9M Cache, up to 3.60 GHz), TDP:35W CPU, installation and burn in test included"
SO25090224,POD-251301,600-55000006-000,Win10Pro-ENG64,6,9/24/2025,Win PRO 10 64BIT ENGLISH 1PK DVD
SO25090224,POD-251301,600-55000006-000,Win10Pro-ENG64,1,,Win PRO 10 64BIT ENGLISH 1PK DVD
SO25090224,POD-251301,R10Z,CUSTOMER SERVICES,7,9/24/2025,To理貨：請協助確認CPU產地非中國製
SO25090238,POD-251305,600-55000006-000,Win10Pro-ENG64,1,,Win PRO 10 64BIT ENGLISH 1PK DVD
SO25090239,POD-251306,950-EC953110-A14,Nuvo-9531-FT,1,,"Intel® 13th/12th -Gen Core™ i9/ i7/ i5/ i3 compact fanless computer with 4x 2.5GbE, 4x USB3.2, 1x hot-swappable HDD tray and flattop heatsink."
SO25090240,POD-251307,S50-RU022000-PU7,NRU-220S-JAO64G,1,,"NRU-220S, including  GC-Jetson-AGX64GB-Orin-Nvidia-JetPack-6.0"
SO25090255,POD-251315,950-EC900663-A11,Nuvo-9006E-PoE-UL,6,,"Intel® 14th/ 13th/12th -Gen Core™ Rugged Embedded Computer with 6x 2.5GbE (I226-IT)/ GbE, USB 3.2 Type-C, single-slot PCIe Cassette, MezIO® Interface & UL certified, option of 802.3at PoE+ PSE for 2.5GbE port 3 ~ port 6."
SO25090256,POD-251316,950-EC750100-A15,Nuvo-7501,4,,Intel® 8th-Gen Coffee Lake Core™ i7/i5/i3 compact fanless embedded computer with 2xGbE and 4xCOM.
SO25090256,POD-251316,950-GCA20800-A33,Nuvo-10208GC,2,,"Industrial-grade Edge AI Platform supporting dual NVIDIA® RTX series 350W GPU Cards, Intel® 14th/13th/12th-Gen Core™ processor with 3x additional PCIe slots "
SO25090257,POD-251317,140-A00997TE-121,i7-9700TE,5,,"Intel® Core™ i7-9700TE Processor (12M Cache, up to 3.80 GHz), TDP:35W CPU, installation and burn in test included"
SO25090257,POD-251317,507-S2251213-052,SSD-512GB-TLC5ET-PN,5,,"2.5"" SATA SSD 512GB TLC, -25~85℃, Phison"
SO25090257,POD-251317,507-S2302T13-147,SSD-2TB-TLC5WT-TD,10,,"2.5"" SATA SSD 2TB TLCWT ,-40°C~+85°C,Transcend"
SO25090257,POD-251317,507-N2551243-012,M.280-SSD-512GB-PCIe44-TLC5-PN,5,,"M.2 SSD 512GB, Key M 2280, TLC, NVMe PCIe Gen 4x4, 0°C~+70°C, Phison."
SO25090258,POD-251318,950-MV730600-020,Nuvis-7306RT-DTIO(EA),1,,"Intel® 8th/ 9th-Gen Core™ i  machine vision controller with vision-specific I/O, real-time controler by patented DTIO V2 and GPU-computing."
SO25090271,POD-251319,140-A008810T-121,i3-8100T,2,,"Intel® Core™ i3-8100T Processor (6M Cache, up to 3.10 GHz), TDP:35W CPU, installation and burn in test included"
SO25090271,POD-251319,505-C1156562-113,DDR4-32GB-32-SM,8,,DDR4-3200 1.2V 32GB SO-DIMM 0~+85°C
SO25090271,POD-251319,505-D1127332-013,DDR5-16GB-56-SM,26,,DDR5-5600 1.1V 16GB SO-DIMM 0~+85°C
SO25090271,POD-251319,505-D1127332-023,DDR5-16GB-56WT-SM,50,,DDR5-5600 1.1V 16GB SO-DIMM -40~+85°C-WT
SO25090272,POD-251320,950-RU016200-A10,NRU-162S-AWP,1,,IP66 NVIDIA® Jetson Orin™ NX / Orin™ Nano Computer with 4x PoE+ GbE
SO25090272,POD-251320,S50-RU022000-PU7,NRU-220S-JAO64G,3,,"NRU-220S, including  GC-Jetson-AGX64GB-Orin-Nvidia-JetPack-6.0"
SO25090272,POD-251320,950-RU023000-A11,NRU-230V-AWP,4,,"IP66 NVIDIA® Jetson AGX Orin™ Computer with 8x GMSL2 inputs, 4x GbE and 1x 10GbE ports"
SO25090272,POD-251320,950-GCA10801-A30,Nuvo-10108GC-10G,2,,"Industrial-grade GPU Computing Edge AI Platform Supporting an NVIDIA® RTX 40 Series Graphics Card, Intel® 14th/13th/12th-Gen Core™ Processor, with 10GbE option"
SO25090272,POD-251320,950-GCA20801-A33,Nuvo-10208GC-10G,4,,"Industrial-grade Edge AI Platform supporting dual NVIDIA® RTX series 350W GPU Cards, Intel® 14th/13th/12th-Gen Core™ processor with 1x 10G Ethernet port and 3x additional PCIe slots"
SO25090272,POD-251320,950-GCA20801-A33,Nuvo-10208GC-10G,4,,"Industrial-grade Edge AI Platform supporting dual NVIDIA® RTX series 350W GPU Cards, Intel® 14th/13th/12th-Gen Core™ processor with 1x 10G Ethernet port and 3x additional PCIe slots"
SO25090273,POD-251321,950-EC900612-A21,Nuvo-9006E,2,,"Intel® 14th/ 13th/12th -Gen Core™ Rugged Embedded Computer with 6x 2.5GbE (I226-IT)/ GbE, USB 3.2 Type-C, single-slot PCIe Cassette & MezIO® Interface"
SO25090273,POD-251321,950-GC916003-A20,Nuvo-9160GC-PoE,7,,"Ruggedized GPU-Computing Platform Supporting 130W nVidia® GPU and Intel® 12th-Gen Core™ Processor, with IEEE 802.3at PoE+ (I226-IT)"
SO25090273,POD-251321,950-EC950100-A24,Nuvo-9501,2,,Intel® Alder Lake 12th-Gen Core™compact fanless computer with 2x GbE and 4x USB3.2.
SO25090273,POD-251321,950-UC040000-A28,POC-400,1,,"Intel® ElkhartLake ultra-compact embedded controller with 1x 2.5GbE port, 2x PoE+ ports, 2x USB 3.0 ports and MezIO interface."
SO25090273,POD-251321,950-UC051500-A26,POC-515,1,,"AMD Ryzen™ embedded V1605B ultra-compact embedded controller with  4x PoE+ ports, 4x USB 3.0 ports and MezIO™ interface."
SO25090273,POD-251321,950-UC071200-A13,POC-712,1,,"Intel Atom x7425E Ultra-Compact Embedded Controller with 4x GbE, 4x USB 3.2 and MezIO Interface."
SO25090273,POD-251321,950-UC071201-A11,POC-712-UL,2,,"Intel Atom x7425E Ultra-Compact Embedded Controller with 4x GbE, 4x USB 3.2 and MezIO Interface."
SO25090274,POD-251322,507-N2425623-047,M.242-SSD-256GB-PCIe34-TLC5WT-TD,4,,"M.2 SSD 256GB, Key M 2242, TLC, NVMe PCIe Gen 3x4, -40°C~+85°C, Transcend."
SO25090274,POD-251322,507-N1112843-147,M.280-SSD-128GB-SATA-TLC5WT-TD,3,,"M.2 SSD 128GB, Key B+M 2280, TLC, SATA III, -40°C~+85°C, Transcend"
SO25090274,POD-251322,507-N2501T43-012,M.280-SSD-1TB-PCIe44-TLC5-PN,3,,"M.2 SSD 1TB, Key M 2280, TLC, NVMe PCIe Gen 4x4, 0°C~+70°C, Phison."
SO25090274,POD-251322,507-N2525643-147,M.280-SSD-256GB-PCIe44-TLC5WT-TD,26,,"M.2 SSD 256GB, Key M 2280, TLC, NVMe PCIe Gen 4x4, -40°C~+85°C, Transcend."
SO25090274,POD-251322,507-N1125643-147,M.280-SSD-256GB-SATA-TLC5WT-TD,2,,"M.2 SSD 256GB, Key B+M 2280, TLC, SATA III, -40°C~+85°C, Transcend"
SO25090274,POD-251322,507-N2502T43-167,M.280-SSD-2TB-PCIe44-TLC5ET-TD,2,,"M.2 SSD 2TB, Key M 2280, TLC, NVMe PCIe Gen 4x4, -20°C~+75°C, Transcend."
SO25090274,POD-251322,507-N2502T43-147,M.280-SSD-2TB-PCIe44-TLC5WT-TD,6,,"M.2 SSD 2TB, Key M 2280, TLC, NVMe PCIe Gen 4x4, -40°C~+85°C, Transcend."
SO25090274,POD-251322,507-N2551243-012,M.280-SSD-512GB-PCIe44-TLC5-PN,2,,"M.2 SSD 512GB, Key M 2280, TLC, NVMe PCIe Gen 4x4, 0°C~+70°C, Phison."
SO25090275,POD-251323,507-S2301T13-067,SSD-1TB-TLC5ET-TD,1,,"2.5"""" SATA SSD 1TB TLC, -20°C~+75°C,Transcend"
SO25090275,POD-251323,507-S2225613-247,SSD-256GB-TLC5WT-TD,5,,"2.5"" SATA SSD 256GB TLCWT ,-40°C~+85°C,Transcend"
SO25090275,POD-251323,507-S2302T13-067,SSD-2TB-TLC5ET-TD,10,,"2.5"""" SATA SSD 2TB TLC, -20°C~+75°C,Transcend"
SO25090275,POD-251323,507-S2302T13-147,SSD-2TB-TLC5WT-TD,6,,"2.5"" SATA SSD 2TB TLCWT ,-40°C~+85°C,Transcend"
SO25090275,POD-251323,507-S2304T13-147,SSD-4TB-TLC5WT-TD,3,,"2.5"" SATA SSD 4TB TLCWT ,-40°C~+85°C,Transcend"
SO25090275,POD-251323,507-S2251213-247,SSD-512GB-TLC5WT-TD,8,,"2.5"" SATA SSD 512GB TLCWT ,-40°C~+85°C,Transcend"
SO25090275,POD-251323,93S-CK000023-000,Cblkit-BP-NRU-230V-AWP,4,,"NRU-230V-AWP back panel cable kit, including 8x Cbl-FAKRA-ZFM-ZFM-12M"
SO25090275,POD-251323,93S-CK000022-000,Cblkit-FP-NRU-230V-AWP_NRU-240S-AWP,4,,"NRU-230V-AWP or NRU-240S-AWP front panel cable kit, including: 1x Cbl-TpCPlug-UTpCF-50CM, 1x Cbl-M12A8M-2U2TA-180CM1, 3x Cbl-M12A8M-2DB9M_OW2-180CM, 5x Cbl-M12X8M-RJ45F-100CM"
SO25090275,POD-251323,930-CK000011-000,Cblkit-NRU-162S-AWP,2,,"NRU-162S-AWP cable kit, including 5xCbl-M12X8M-RJ45F-100CM, 1xCbl-M12A8M-2U2TA-180CM1, 1xCbl-M12A8M-2DB9M_OW2-180CM1, 1xCbl-M12A17M-VGA-180CM2"
SO25090277,POD-251308,S51-XCA007CD-001,Nuvo-10007-i7IC-65W-DS-CTI-01,1,,"Nuvo-10007-CTI, including  i7-14700, 2x DDR5-32GB-56WT-SM, and 2x SSD-512GB-TLC5WT-TD"
SO25090277,POD-251308,R10Z,CUSTOMER SERVICES,1,,To產線：請協助製作1GbE port MAC address Label，貼在Product Label下方
SO25090293,POD-251325,950-XCA00300-A21,Nuvo-10003,3,,Intel® 13th/ 12th-Gen Core™ i7/ i5/ i3 Expansion Box-PC with 3x PCIe slots
SO25090293,POD-251325,950-EC953110-A14,Nuvo-9531-FT,1,,"Intel® 13th/12th -Gen Core™ i9/ i7/ i5/ i3 compact fanless computer with 4x 2.5GbE, 4x USB3.2, 1x hot-swappable HDD tray and flattop heatsink."
SO25090313,POD-251331,140-A013900E-151,i9-13900E,5,9/24/2025,"Intel® Core™ i9-13900E Processor (36M Cache, up to 5.20 GHz), TDP:65W CPU, installation and burn in test included"
SO25090313,POD-251331,R10Z,CUSTOMER SERVICES,5,9/24/2025,To理貨：請協助確認CPU產地非中國製
SO25090313,POD-251331,R004,"FORWARDING CHARGE, EXCLUDING IMPORT DUTY.",1,9/24/2025,IN250819003 (197)
SO25090313,POD-251331,R004,"FORWARDING CHARGE, EXCLUDING IMPORT DUTY.",1,9/24/2025,DS-20250959 (179)
SO25090313,POD-251331,R004,"FORWARDING CHARGE, EXCLUDING IMPORT DUTY.",1,9/24/2025,"Forwarding Charge, excluding import duty."
SO25090314,POD-251332,R10Z,Restocking Charge- COGS,1,,Restocking fee for the [POC-715] sales return
SO25090318,POD-251333,950-UC040000-A28,POC-400,10,,"Intel® ElkhartLake ultra-compact embedded controller with 1x 2.5GbE port, 2x PoE+ ports, 2x USB 3.0 ports and MezIO interface."
SO25090318,POD-251333,505-C1156562-123,DDR4-32GB-WT32-SM,10,,DDR4-3200 1.2V 32GB SO-DIMM -40~+85°C
SO25090318,POD-251333,507-N1101T43-041,M.280-SSD-1TB-SATA-TLCWT-IK,9,,"M.2 SSD 1TB, Key B+M 2280, TLC,  SATA III, -40°C~+85°C, Innodisk"
SO25090318,POD-251333,550-W0150000-001,Win11IoT24-Entry,10,,Win 11 IoT Ent 2024 LTSC Entry
SO25090318,POD-251333,906-MZ0020V0-A21,MezIO-V20,10,,16-mode ignition power control and 1x mini-PCIe socket (U2 only) MezIO module for Nuvo LP and POC series
SO25090318,POD-251333,501-W4430210-071,M.230-BTWIFI-AX210,10,,"Intel AX210 802.11ac/a/b/d/e/g/h/i/k/n/r/u/v/w/ac/ax WiFi6 + BT5.3 M.2 2230 module, -40°C~+85°C"
SO25090318,POD-251333,398-M4201150-001,Cbl-MHF4-RP_SMAF-15CM,20,,"Wifi Internal Cable, IPEX MHF4(Female) to RP SMA(Female), for M.2 module, Length: 15CM"
SO25090318,POD-251333,398-S2401300-072,Ant-RP_SMAM-WiFi-108MM,20,,"WiFi Antenna, Swivel type, Frequency: 2.4/5.8 GHz, VSWR: 2.0 : 1 Max, with RP SMA (Male), Length: 108MM"
SO25090318,POD-251333,930-WM000002-000,Wmkit-H-POC300_400,10,,"Wall mounting assembly for POC-300, POC-400 series, horizontal type"
SO25050034,POD-250647,S51-SL1708FF-003,i7-9700TE,10,10/1/2025,i7-9700TE
SO25050034,POD-250647,S51-SL1708FF-003,DDR4-16GB-32-SMandM.280-SSD-1TB-PCIe44-TLC5-PN,10,10/1/2025,DDR4-16GB-32-SM and M.280-SSD-1TB-PCIe44-TLC5-PN
SO25050034,POD-250647,S51-SL1708FF-003,SEMIL-1708-FF,10,10/1/2025,SEMIL-1708-FF
SO25050035,POD-250648,S51-SL1708FF-003,i7-9700TE,10,11/19/2025,i7-9700TE
SO25050035,POD-250648,S51-SL1708FF-003,DDR4-16GB-32-SMandM.280-SSD-1TB-PCIe44-TLC5-PN,10,11/19/2025,DDR4-16GB-32-SM and M.280-SSD-1TB-PCIe44-TLC5-PN
SO25050035,POD-250648,S51-SL1708FF-003,SEMIL-1708-FF,10,11/19/2025,SEMIL-1708-FF
SO25050036,POD-250649,S51-SL1708FF-003,i7-9700TE,10,12/17/2025,i7-9700TE
SO25050036,POD-250649,S51-SL1708FF-003,DDR4-16GB-32-SMandM.280-SSD-1TB-PCIe44-TLC5-PN,10,12/17/2025,DDR4-16GB-32-SM and M.280-SSD-1TB-PCIe44-TLC5-PN
SO25050036,POD-250649,S51-SL1708FF-003,SEMIL-1708-FF,10,12/17/2025,SEMIL-1708-FF
SO25050037,POD-250650,S51-SL1708FF-003,i7-9700TE,10,1/14/2026,i7-9700TE
SO25050037,POD-250650,S51-SL1708FF-003,DDR4-16GB-32-SMandM.280-SSD-1TB-PCIe44-TLC5-PN,10,1/14/2026,DDR4-16GB-32-SM and M.280-SSD-1TB-PCIe44-TLC5-PN
SO25050037,POD-250650,S51-SL1708FF-003,SEMIL-1708-FF,10,1/14/2026,SEMIL-1708-FF
SO25060381,POD-250884,S50-EC750501-036,i5-9500TE,20,10/1/2025,i5-9500TE
SO25060381,POD-250884,S50-EC750501-036,DDR4-8GB-32-SM,20,10/1/2025,DDR4-8GB-32-SM
SO25060381,POD-250884,S50-EC750501-036,M.280-SSD-256GB-SATA-TLC-IK,20,10/1/2025,M.280-SSD-256GB-SATA-TLC-IK
SO25060381,POD-250884,S50-EC750501-036,Win10IoT21-Value,20,10/1/2025,Win10IoT21-Value
SO25060381,POD-250884,S50-EC750501-036,Nuvo-7505D,20,10/1/2025,Nuvo-7505D
SO25070106,POD-250956,S60-RU023000-049,M.280-SSD-2TB-PCIe44-TLC5ET-TD,25,9/24/2025,M.280-SSD-2TB-PCIe44-TLC5ET-TD
SO25070106,POD-250956,S60-RU023000-049,SSD-2TB-TLC-IK,25,9/24/2025,SSD-2TB-TLC-IK
SO25070106,POD-250956,S60-RU023000-049,GC-Jetson-AGX64GB-Orin-Nvidia-JetPack-6.0,25,9/24/2025,GC-Jetson-AGX64GB-Orin-Nvidia-JetPack-6.0
SO25070106,POD-250956,S60-RU023000-049,NRU-230V-AWP,25,9/24/2025,NRU-230V-AWP
SO25070107,POD-250957,S60-RU023000-049,M.280-SSD-2TB-PCIe44-TLC5ET-TD,25,10/1/2025,M.280-SSD-2TB-PCIe44-TLC5ET-TD
SO25070107,POD-250957,S60-RU023000-049,SSD-2TB-TLC-IK,25,10/1/2025,SSD-2TB-TLC-IK
SO25070107,POD-250957,S60-RU023000-049,GC-Jetson-AGX64GB-Orin-Nvidia-JetPack-6.0,25,10/1/2025,GC-Jetson-AGX64GB-Orin-Nvidia-JetPack-6.0
SO25070107,POD-250957,S60-RU023000-049,NRU-230V-AWP,25,10/1/2025,NRU-230V-AWP
SO25070418,POD-251058,S60-UC033000-001,DDR3L-4GB-WT18-DL1,25,9/24/2025,DDR3L-4GB-WT18-DL1
SO25070418,POD-251058,S60-UC033000-001,mSATAHS-64GB-MLCWT-IK,25,9/24/2025,mSATAHS-64GB-MLCWT-IK
SO25070418,POD-251058,S60-UC033000-001,Win10IoT19-Entry,25,9/24/2025,Win10IoT19-Entry
SO25070418,POD-251058,S60-UC033000-001,POC-330,25,9/24/2025,POC-330
SO25070419,POD-251059,S60-UC033000-001,DDR3L-4GB-WT18-DL1,25,10/22/2025,DDR3L-4GB-WT18-DL1
SO25070419,POD-251059,S60-UC033000-001,mSATAHS-64GB-MLCWT-IK,25,10/22/2025,mSATAHS-64GB-MLCWT-IK
SO25070419,POD-251059,S60-UC033000-001,Win10IoT19-Entry,25,10/22/2025,Win10IoT19-Entry
SO25070419,POD-251059,S60-UC033000-001,POC-330,25,10/22/2025,POC-330
SO25070420,POD-251060,S60-UC033000-001,DDR3L-4GB-WT18-DL1,25,11/19/2025,DDR3L-4GB-WT18-DL1
SO25070420,POD-251060,S60-UC033000-001,mSATAHS-64GB-MLCWT-IK,25,11/19/2025,mSATAHS-64GB-MLCWT-IK
SO25070420,POD-251060,S60-UC033000-001,Win10IoT19-Entry,25,11/19/2025,Win10IoT19-Entry
SO25070420,POD-251060,S60-UC033000-001,POC-330,25,11/19/2025,POC-330
SO25070495,POD-251061,S51-UC0715CG-001,DDR5-16GB-56-SM,5,9/24/2025,DDR5-16GB-56-SM
SO25070495,POD-251061,S51-UC0715CG-001,M.280-SSD-256GB-PCIe44-TLC5-PN,5,9/24/2025,M.280-SSD-256GB-PCIe44-TLC5-PN
SO25070495,POD-251061,S51-UC0715CG-001,mPCIe-Ado-AX92905,5,9/24/2025,mPCIe-Ado-AX92905
SO25070495,POD-251061,S51-UC0715CG-001,POC-715-CGN1,5,9/24/2025,POC-715-CGN1
SO25070495,POD-251061,S51-UC0715C1-001,DDR5-16GB-56-SM,10,9/24/2025,DDR5-16GB-56-SM
SO25070495,POD-251061,S51-UC0715C1-001,M.280-SSD-256GB-PCIe44-TLC5-PN,10,9/24/2025,M.280-SSD-256GB-PCIe44-TLC5-PN
SO25070495,POD-251061,S51-UC0715C1-001,mPCIe-Ado-AX92905,10,9/24/2025,mPCIe-Ado-AX92905
SO25070495,POD-251061,S51-UC0715C1-001,POC-715-CGN2,10,9/24/2025,POC-715-CGN2
SO25070496,POD-251062,S51-UC0715CG-001,DDR5-16GB-56-SM,5,12/24/2025,DDR5-16GB-56-SM
SO25070496,POD-251062,S51-UC0715CG-001,M.280-SSD-256GB-PCIe44-TLC5-PN,5,12/24/2025,M.280-SSD-256GB-PCIe44-TLC5-PN
SO25070496,POD-251062,S51-UC0715CG-001,mPCIe-Ado-AX92905,5,12/24/2025,mPCIe-Ado-AX92905
SO25070496,POD-251062,S51-UC0715CG-001,POC-715-CGN1,5,12/24/2025,POC-715-CGN1
SO25070496,POD-251062,S51-UC0715C1-001,DDR5-16GB-56-SM,5,12/24/2025,DDR5-16GB-56-SM
SO25070496,POD-251062,S51-UC0715C1-001,M.280-SSD-256GB-PCIe44-TLC5-PN,5,12/24/2025,M.280-SSD-256GB-PCIe44-TLC5-PN
SO25070496,POD-251062,S51-UC0715C1-001,mPCIe-Ado-AX92905,5,12/24/2025,mPCIe-Ado-AX92905
SO25070496,POD-251062,S51-UC0715C1-001,POC-715-CGN2,5,12/24/2025,POC-715-CGN2
SO25080092,POD-251122,S60-RU023000-049,M.280-SSD-2TB-PCIe44-TLC5ET-TD,10,10/8/2025,M.280-SSD-2TB-PCIe44-TLC5ET-TD
SO25080092,POD-251122,S60-RU023000-049,SSD-2TB-TLC-IK,10,10/8/2025,SSD-2TB-TLC-IK
SO25080092,POD-251122,S60-RU023000-049,GC-Jetson-AGX64GB-Orin-Nvidia-JetPack-6.0,10,10/8/2025,GC-Jetson-AGX64GB-Orin-Nvidia-JetPack-6.0
SO25080092,POD-251122,S60-RU023000-049,NRU-230V-AWP,10,10/8/2025,NRU-230V-AWP
SO25080093,POD-251123,S60-RU023000-049,M.280-SSD-2TB-PCIe44-TLC5ET-TD,15,10/15/2025,M.280-SSD-2TB-PCIe44-TLC5ET-TD
SO25080093,POD-251123,S60-RU023000-049,SSD-2TB-TLC-IK,15,10/15/2025,SSD-2TB-TLC-IK
SO25080093,POD-251123,S60-RU023000-049,GC-Jetson-AGX64GB-Orin-Nvidia-JetPack-6.0,15,10/15/2025,GC-Jetson-AGX64GB-Orin-Nvidia-JetPack-6.0
SO25080093,POD-251123,S60-RU023000-049,NRU-230V-AWP,15,10/15/2025,NRU-230V-AWP
SO25080109,POD-251129,S50-RU023000-096,GC-Jetson-AGX64GB-Orin-Nvidia-JetPack-6.0,1,9/24/2025,GC-Jetson-AGX64GB-Orin-Nvidia-JetPack-6.0
SO25080109,POD-251129,S50-RU023000-096,M.280-SSD-2TB-PCIe44-TLC5WT-TD,1,9/24/2025,M.280-SSD-2TB-PCIe44-TLC5WT-TD
SO25080109,POD-251129,S50-RU023000-096,Extnd-mPCIeHS-BTWifi-WT-6218_Mod_Cbl-40CM_kits,1,9/24/2025,Extnd-mPCIeHS-BTWifi-WT-6218_Mod_Cbl-40CM_kits
SO25080109,POD-251129,S50-RU023000-096,Extnd-mPCIeHS_GPS-M800_Mod_Cbl-40CM_kits,1,9/24/2025,Extnd-mPCIeHS_GPS-M800_Mod_Cbl-40CM_kits
SO25080109,POD-251129,S50-RU023000-096,FPnl-5Ant-NRU230V-AWP,1,9/24/2025,FPnl-5Ant-NRU230V-AWP
SO25080109,POD-251129,S50-RU023000-096,NRU-230V-AWP,1,9/24/2025,NRU-230V-AWP
SO25080110,POD-251130,S60-SL174410-001,Risr-M2B-mPCIe-SIMslot,1,nan,Risr-M2B-mPCIe-SIMslot
SO25080110,POD-251130,S60-SL174410-001,i7-9700E,1,nan,i7-9700E
SO25080110,POD-251130,S60-SL174410-001,DDR4-32GB-WT32-SM,2.0,nan,2x DDR4-32GB-WT32-SM
SO25080110,POD-251130,S60-SL174410-001,SSD-2TB-TLC5WT-TD,1,nan,SSD-2TB-TLC5WT-TD
SO25080110,POD-251130,S60-SL174410-001,M.2-LTE-7455,1,nan,M.2-LTE-7455
SO25080110,POD-251130,S60-SL174410-001,DtC-SMA-WP,3.0,nan,3x DtC-SMA-WP
SO25080110,POD-251130,S60-SL174410-001,Pnl-3Ant-SEMIL17,1,nan,Pnl-3Ant-SEMIL17
SO25080110,POD-251130,S60-SL174410-001,Cbl-MHF4-SMAF-WP-40CM,3.0,nan,3x Cbl-MHF4-SMAF-WP-40CM
SO25080110,POD-251130,S60-SL174410-001,SEMIL-1744GC-ADA,1,nan,SEMIL-1744GC-ADA
SO25080187,POD-251140,S51-RS8805DX-004,Risr-M2B-mPCIe-SIMslot,1,9/24/2025,Risr-M2B-mPCIe-SIMslot
SO25080187,POD-251140,S51-RS8805DX-004,i7-9700E,1,9/24/2025,i7-9700E
SO25080187,POD-251140,S51-RS8805DX-004,DDR4-32GB-WT32-SM,2.0,9/24/2025,2x DDR4-32GB-WT32-SM
SO25080187,POD-251140,S51-RS8805DX-004,SSD-2TB-TLC5WT-TD,1,9/24/2025,SSD-2TB-TLC5WT-TD
SO25080187,POD-251140,S51-RS8805DX-004,M.2-LTE-7455,1,9/24/2025,M.2-LTE-7455
SO25080187,POD-251140,S51-RS8805DX-004,DtC-SMA-WP,3.0,9/24/2025,3x DtC-SMA-WP
SO25080187,POD-251140,S51-RS8805DX-004,Pnl-3Ant-SEMIL17,1,9/24/2025,Pnl-3Ant-SEMIL17
SO25080187,POD-251140,S51-RS8805DX-004,Cbl-MHF4-SMAF-WP-40CM,3.0,9/24/2025,3x Cbl-MHF4-SMAF-WP-40CM
SO25080187,POD-251140,S51-RS8805DX-004,RGS-8805GC-DEX,1,9/24/2025,RGS-8805GC-DEX
SO25080222,POD-251157,S60-SL204700-029,i9-14900,1,10/8/2025,i9-14900
SO25080222,POD-251157,S60-SL204700-029,DDR5-32GB-48WT-SM,2.0,10/8/2025,2x DDR5-32GB-48WT-SM
SO25080222,POD-251157,S60-SL204700-029,SSD-1TB-TLC5WT-TD,2.0,10/8/2025,2x SSD-1TB-TLC5WT-TD
SO25080222,POD-251157,S60-SL204700-029,mPCIe-COM-2RS422/485-X202,1,10/8/2025,mPCIe-COM-2RS422/485-X202
SO25080222,POD-251157,S60-SL204700-029,mPCIe-DIO-0D01,1,10/8/2025,mPCIe-DIO-0D01
SO25080222,POD-251157,S60-SL204700-029,Pnl-3M12-2Ant-SEMIL20,1,10/8/2025,Pnl-3M12-2Ant-SEMIL20
SO25080222,POD-251157,S60-SL204700-029,Extnd-mPCIeHS-BTWifi-WT-6218_Mod_Cbl-40CM_kits,1,10/8/2025,Extnd-mPCIeHS-BTWifi-WT-6218_Mod_Cbl-40CM_kits
SO25080222,POD-251157,S60-SL204700-029,DtC-M12-WP,3.0,10/8/2025,3x DtC-M12-WP
SO25080222,POD-251157,S60-SL204700-029,Cbl-W10F-2M12A8F-40CM-IK-COM,1,10/8/2025,Cbl-W10F-2M12A8F-40CM-IK-COM
SO25080222,POD-251157,S60-SL204700-029,Cbl-W40M-...,1,10/8/2025,Cbl-W40M-...
SO25080222,POD-251157,S60-SL204700-029,SEMIL-2047GC,1,10/8/2025,SEMIL-2047GC
SO25080243,POD-251163,S60-GC916002-032,GIGABYTEGeForceRTX4060D68G,1,9/24/2025,GIGABYTE GeForce RTX 4060 D6 8G
SO25080243,POD-251163,S60-GC916002-032,Nuvo-9160GC,1,9/24/2025,Nuvo-9160GC
SO25080244,POD-251164,S51-RS8805DX-005,GIGABYTEGeForceRTX4060D68G,1,nan,GIGABYTE GeForce RTX 4060 D6 8G
SO25080244,POD-251164,S51-RS8805DX-005,RGS-8805GC-DEX,1,nan,RGS-8805GC-DEX
SO25080257,POD-251173,S51-SL1748B1-003,E-2278GE,1,10/1/2025,E-2278GE
SO25080257,POD-251173,S51-SL1748B1-003,DDR4-32GB-ECC26WT-DL,1,10/1/2025,DDR4-32GB-ECC26WT-DL
SO25080257,POD-251173,S51-SL1748B1-003,M.280-SSD-2TB-PCIe44-TLC5ET-TD,1,10/1/2025,M.280-SSD-2TB-PCIe44-TLC5ET-TD
SO25080257,POD-251173,S51-SL1748B1-003,Cbl-W20F-M12A10F-40CM-IK-COM,1,10/1/2025,Cbl-W20F-M12A10F-40CM-IK-COM
SO25080257,POD-251173,S51-SL1748B1-003,mPCIe-CAN-IPEH-4047,1,10/1/2025,mPCIe-CAN-IPEH-4047
SO25080257,POD-251173,S51-SL1748B1-003,mPCIe-COM-2RS232-X203,1,10/1/2025,mPCIe-COM-2RS232-X203
SO25080257,POD-251173,S51-SL1748B1-003,Cbl-W5M-M12A5M-40CM-PK-CANFD-TP,4.0,10/1/2025,4x Cbl-W5M-M12A5M-40CM-PK-CANFD-TP
SO25080257,POD-251173,S51-SL1748B1-003,DtC-M12-WP,1,10/1/2025,DtC-M12-WP
SO25080257,POD-251173,S51-SL1748B1-003,DtC-M12M-WP.,4.0,10/1/2025,4x DtC-M12M-WP.
SO25080257,POD-251173,S51-SL1748B1-003,SEMIL-1748GC-10G-L4-BSK(EA),1,10/1/2025,SEMIL-1748GC-10G-L4-BSK(EA)
SO25080289,POD-251179,S51-RU0222UB-002,GC-Jetson-AGX32GB-Orin-Nvidia,20,10/1/2025,GC-Jetson-AGX32GB-Orin-Nvidia
SO25080289,POD-251179,S51-RU0222UB-002,M.280-SSD-1TB-PCIe44-TLC5WT-TD,20,10/1/2025,M.280-SSD-1TB-PCIe44-TLC5WT-TD
SO25080289,POD-251179,S51-RU0222UB-002,M.230-BTWIFI-AX210,20,10/1/2025,M.230-BTWIFI-AX210
SO25080289,POD-251179,S51-RU0222UB-002,mPCIe-M2E,20,10/1/2025,mPCIe-M2E
SO25080289,POD-251179,S51-RU0222UB-002,Cbl-MHF4-RP_SMAF-30CM,40.0,10/1/2025,2x Cbl-MHF4-RP_SMAF-30CM
SO25080289,POD-251179,S51-RU0222UB-002,M.2-LTE-7455,20,10/1/2025,M.2-LTE-7455
SO25080289,POD-251179,S51-RU0222UB-002,Risr-M2B-mPCIe-SIMslot,20,10/1/2025,Risr-M2B-mPCIe-SIMslot
SO25080289,POD-251179,S51-RU0222UB-002,Cbl-MHF4-SMAF-30CM,60.0,10/1/2025,3x Cbl-MHF4-SMAF-30CM
SO25080289,POD-251179,S51-RU0222UB-002,NRU-222S,20,10/1/2025,NRU-222S
SO25080290,POD-251180,S51-RU0222UB-002,GC-Jetson-AGX32GB-Orin-Nvidia,20,10/8/2025,GC-Jetson-AGX32GB-Orin-Nvidia
SO25080290,POD-251180,S51-RU0222UB-002,M.280-SSD-1TB-PCIe44-TLC5WT-TD,20,10/8/2025,M.280-SSD-1TB-PCIe44-TLC5WT-TD
SO25080290,POD-251180,S51-RU0222UB-002,M.230-BTWIFI-AX210,20,10/8/2025,M.230-BTWIFI-AX210
SO25080290,POD-251180,S51-RU0222UB-002,mPCIe-M2E,20,10/8/2025,mPCIe-M2E
SO25080290,POD-251180,S51-RU0222UB-002,Cbl-MHF4-RP_SMAF-30CM,40.0,10/8/2025,2x Cbl-MHF4-RP_SMAF-30CM
SO25080290,POD-251180,S51-RU0222UB-002,M.2-LTE-7455,20,10/8/2025,M.2-LTE-7455
SO25080290,POD-251180,S51-RU0222UB-002,Risr-M2B-mPCIe-SIMslot,20,10/8/2025,Risr-M2B-mPCIe-SIMslot
SO25080290,POD-251180,S51-RU0222UB-002,Cbl-MHF4-SMAF-30CM,60.0,10/8/2025,3x Cbl-MHF4-SMAF-30CM
SO25080290,POD-251180,S51-RU0222UB-002,NRU-222S,20,10/8/2025,NRU-222S
SO25080291,POD-251181,S51-RU0222UB-002,GC-Jetson-AGX32GB-Orin-Nvidia,20,nan,GC-Jetson-AGX32GB-Orin-Nvidia
SO25080291,POD-251181,S51-RU0222UB-002,M.280-SSD-1TB-PCIe44-TLC5WT-TD,20,nan,M.280-SSD-1TB-PCIe44-TLC5WT-TD
SO25080291,POD-251181,S51-RU0222UB-002,M.230-BTWIFI-AX210,20,nan,M.230-BTWIFI-AX210
SO25080291,POD-251181,S51-RU0222UB-002,mPCIe-M2E,20,nan,mPCIe-M2E
SO25080291,POD-251181,S51-RU0222UB-002,Cbl-MHF4-RP_SMAF-30CM,40.0,nan,2x Cbl-MHF4-RP_SMAF-30CM
SO25080291,POD-251181,S51-RU0222UB-002,M.2-LTE-7455,20,nan,M.2-LTE-7455
SO25080291,POD-251181,S51-RU0222UB-002,Risr-M2B-mPCIe-SIMslot,20,nan,Risr-M2B-mPCIe-SIMslot
SO25080291,POD-251181,S51-RU0222UB-002,Cbl-MHF4-SMAF-30CM,60.0,nan,3x Cbl-MHF4-SMAF-30CM
SO25080291,POD-251181,S51-RU0222UB-002,NRU-222S,20,nan,NRU-222S
SO25080292,POD-251182,S51-RU0222UB-002,GC-Jetson-AGX32GB-Orin-Nvidia,20,nan,GC-Jetson-AGX32GB-Orin-Nvidia
SO25080292,POD-251182,S51-RU0222UB-002,M.280-SSD-1TB-PCIe44-TLC5WT-TD,20,nan,M.280-SSD-1TB-PCIe44-TLC5WT-TD
SO25080292,POD-251182,S51-RU0222UB-002,M.230-BTWIFI-AX210,20,nan,M.230-BTWIFI-AX210
SO25080292,POD-251182,S51-RU0222UB-002,mPCIe-M2E,20,nan,mPCIe-M2E
SO25080292,POD-251182,S51-RU0222UB-002,Cbl-MHF4-RP_SMAF-30CM,40.0,nan,2x Cbl-MHF4-RP_SMAF-30CM
SO25080292,POD-251182,S51-RU0222UB-002,M.2-LTE-7455,20,nan,M.2-LTE-7455
SO25080292,POD-251182,S51-RU0222UB-002,Risr-M2B-mPCIe-SIMslot,20,nan,Risr-M2B-mPCIe-SIMslot
SO25080292,POD-251182,S51-RU0222UB-002,Cbl-MHF4-SMAF-30CM,60.0,nan,3x Cbl-MHF4-SMAF-30CM
SO25080292,POD-251182,S51-RU0222UB-002,NRU-222S,20,nan,NRU-222S
SO25080293,POD-251183,S51-RU0222UB-002,GC-Jetson-AGX32GB-Orin-Nvidia,25,nan,GC-Jetson-AGX32GB-Orin-Nvidia
SO25080293,POD-251183,S51-RU0222UB-002,M.280-SSD-1TB-PCIe44-TLC5WT-TD,25,nan,M.280-SSD-1TB-PCIe44-TLC5WT-TD
SO25080293,POD-251183,S51-RU0222UB-002,M.230-BTWIFI-AX210,25,nan,M.230-BTWIFI-AX210
SO25080293,POD-251183,S51-RU0222UB-002,mPCIe-M2E,25,nan,mPCIe-M2E
SO25080293,POD-251183,S51-RU0222UB-002,Cbl-MHF4-RP_SMAF-30CM,50.0,nan,2x Cbl-MHF4-RP_SMAF-30CM
SO25080293,POD-251183,S51-RU0222UB-002,M.2-LTE-7455,25,nan,M.2-LTE-7455
SO25080293,POD-251183,S51-RU0222UB-002,Risr-M2B-mPCIe-SIMslot,25,nan,Risr-M2B-mPCIe-SIMslot
SO25080293,POD-251183,S51-RU0222UB-002,Cbl-MHF4-SMAF-30CM,75.0,nan,3x Cbl-MHF4-SMAF-30CM
SO25080293,POD-251183,S51-RU0222UB-002,NRU-222S,25,nan,NRU-222S
SO25080294,POD-251184,S51-RU0222UB-002,GC-Jetson-AGX32GB-Orin-Nvidia,20,nan,GC-Jetson-AGX32GB-Orin-Nvidia
SO25080294,POD-251184,S51-RU0222UB-002,M.280-SSD-1TB-PCIe44-TLC5WT-TD,20,nan,M.280-SSD-1TB-PCIe44-TLC5WT-TD
SO25080294,POD-251184,S51-RU0222UB-002,M.230-BTWIFI-AX210,20,nan,M.230-BTWIFI-AX210
SO25080294,POD-251184,S51-RU0222UB-002,mPCIe-M2E,20,nan,mPCIe-M2E
SO25080294,POD-251184,S51-RU0222UB-002,Cbl-MHF4-RP_SMAF-30CM,40.0,nan,2x Cbl-MHF4-RP_SMAF-30CM
SO25080294,POD-251184,S51-RU0222UB-002,M.2-LTE-7455,20,nan,M.2-LTE-7455
SO25080294,POD-251184,S51-RU0222UB-002,Risr-M2B-mPCIe-SIMslot,20,nan,Risr-M2B-mPCIe-SIMslot
SO25080294,POD-251184,S51-RU0222UB-002,Cbl-MHF4-SMAF-30CM,60.0,nan,3x Cbl-MHF4-SMAF-30CM
SO25080294,POD-251184,S51-RU0222UB-002,NRU-222S,20,nan,NRU-222S
SO25080318,POD-251188,S60-RU017200-001,M.242-SSD-128GB-PCIe34-TLC5WT-TD,1,10/1/2025,M.242-SSD-128GB-PCIe34-TLC5WT-TD
SO25080318,POD-251188,S60-RU017200-001,mPCIe-DIO-0D01,1,10/1/2025,mPCIe-DIO-0D01
SO25080318,POD-251188,S60-RU017200-001,RPnl-M12-NRU-172S-PPC,1,10/1/2025,RPnl-M12-NRU-172S-PPC
SO25080318,POD-251188,S60-RU017200-001,GC-Jetson-NX16G-Orin-Nvidia-JetPack6.0,1,10/1/2025,GC-Jetson-NX16G-Orin-Nvidia-JetPack 6.0
SO25080318,POD-251188,S60-RU017200-001,DtC-M12-WP,1,10/1/2025,DtC-M12-WP
SO25080318,POD-251188,S60-RU017200-001,Cbl-W40M-M12A8F-40CM-IK-DIO1,1,10/1/2025,Cbl-W40M-M12A8F-40CM-IK-DIO1
SO25080318,POD-251188,S60-RU017200-001,NRU-172S-PPC,1,10/1/2025,NRU-172S-PPC
SO25080339,POD-251191,S60-SL204700-029,i9-14900,2,10/8/2025,i9-14900
SO25080339,POD-251191,S60-SL204700-029,DDR5-32GB-48WT-SM,4.0,10/8/2025,2x DDR5-32GB-48WT-SM
SO25080339,POD-251191,S60-SL204700-029,SSD-1TB-TLC5WT-TD,4.0,10/8/2025,2x SSD-1TB-TLC5WT-TD
SO25080339,POD-251191,S60-SL204700-029,mPCIe-COM-2RS422/485-X202,2,10/8/2025,mPCIe-COM-2RS422/485-X202
SO25080339,POD-251191,S60-SL204700-029,mPCIe-DIO-0D01,2,10/8/2025,mPCIe-DIO-0D01
SO25080339,POD-251191,S60-SL204700-029,Pnl-3M12-2Ant-SEMIL20,2,10/8/2025,Pnl-3M12-2Ant-SEMIL20
SO25080339,POD-251191,S60-SL204700-029,E-mPCIe-BTWifi-WT-6218_Mod_40CM,2,10/8/2025,E-mPCIe-BTWifi-WT-6218_Mod_40CM
SO25080339,POD-251191,S60-SL204700-029,DtC-M12-WP,6.0,10/8/2025,3x DtC-M12-WP
SO25080339,POD-251191,S60-SL204700-029,Cbl-W10F-2M12A8F-40CM-IK-COM,2,10/8/2025,Cbl-W10F-2M12A8F-40CM-IK-COM
SO25080339,POD-251191,S60-SL204700-029,Cbl-W40M-M12A8F-40CM-IK-DIO1,2,10/8/2025,Cbl-W40M-M12A8F-40CM-IK-DIO1
SO25080339,POD-251191,S60-SL204700-029,SEMIL-2047GC,2,10/8/2025,SEMIL-2047GC
SO25080395,POD-251206,S50-SL204700-063,i9-14900,1,9/24/2025,i9-14900
SO25080395,POD-251206,S50-SL204700-063,DDR5-32GB-48WT-SM,2.0,9/24/2025,2x DDR5-32GB-48WT-SM
SO25080395,POD-251206,S50-SL204700-063,SSD-2TB-TLC5WT-TD,1,9/24/2025,SSD-2TB-TLC5WT-TD
SO25080395,POD-251206,S50-SL204700-063,M.280-SSD-2TB-PCIe44-TLC5WT-TD,1,9/24/2025,M.280-SSD-2TB-PCIe44-TLC5WT-TD
SO25080395,POD-251206,S50-SL204700-063,SEMIL-2047GC,1,9/24/2025,SEMIL-2047GC
SO25080478,POD-251238,S50-RU023000-098,GC-Jetson-AGX64GB-Orin-Industrial-Nvidia-JetPack-6.0,7,10/8/2025,GC-Jetson-AGX64GB-Orin-Industrial-Nvidia-JetPack-6.0
SO25080478,POD-251238,S50-RU023000-098,M.280-SSD-2TB-PCIe44-TLC5WT-TD,7,10/8/2025,M.280-SSD-2TB-PCIe44-TLC5WT-TD
SO25080478,POD-251238,S50-RU023000-098,NRU-230V-AWP,7,10/8/2025,NRU-230V-AWP
SO25080478,POD-251238,S50-RU023000-099,GC-Jetson-AGX64GB-Orin-Nvidia-JetPack5.1.1,9,10/8/2025,GC-Jetson-AGX64GB-Orin-Nvidia-JetPack 5.1.1
SO25080478,POD-251238,S50-RU023000-099,M.280-SSD-2TB-PCIe44-TLC5WT-TD,9,10/8/2025,M.280-SSD-2TB-PCIe44-TLC5WT-TD
SO25080478,POD-251238,S50-RU023000-099,NRU-230V-AWP,9,10/8/2025,NRU-230V-AWP
SO25080504,POD-251243,S50-XC804100-PU1,i5-9500E,1,9/24/2025,i5-9500E
SO25080504,POD-251243,S50-XC804100-PU1,Nuvo-8041,1,9/24/2025,Nuvo-8041
SO25090021,POD-251251,S50-SL200700-125,i9-14900,2,10/8/2025,i9-14900
SO25090021,POD-251251,S50-SL200700-125,DDR5-32GB-48WT-SM,4.0,10/8/2025,2x DDR5-32GB-48WT-SM
SO25090021,POD-251251,S50-SL200700-125,SSD-2TB-TLC5WT-TD,2,10/8/2025,SSD-2TB-TLC5WT-TD
SO25090021,POD-251251,S50-SL200700-125,M.280-SSD-1TB-PCIe44-TLC5WT-TD,2,10/8/2025,M.280-SSD-1TB-PCIe44-TLC5WT-TD
SO25090021,POD-251251,S50-SL200700-125,SEMIL-2007,2,10/8/2025,SEMIL-2007
SO25090098,POD-251261,S51-SL2047CR-006,i9-13900E,3,nan,i9-13900E
SO25090098,POD-251261,S51-SL2047CR-006,SSD-2TB-TLC5WT-TD,6.0,nan,2x SSD-2TB-TLC5WT-TD
SO25090098,POD-251261,S51-SL2047CR-006,M.280-SSD-4TB-PCIe4-TLCWT5-NH-IK,3,nan,M.280-SSD-4TB-PCIe4-TLCWT5-NH-IK
SO25090098,POD-251261,S51-SL2047CR-006,DDR5-32GB-48WT-SM,6.0,nan,2x DDR5-32GB-48WT-SM
SO25090098,POD-251261,S51-SL2047CR-006,mPCIe-COM-4RS232/422/485-X404,3,nan,mPCIe-COM-4RS232/422/485-X404
SO25090098,POD-251261,S51-SL2047CR-006,"mPCIe-CAN-IPEH-4047,Cbl-W20F-2M12A10F-40CM-IK-COM",3,nan,"mPCIe-CAN-IPEH-4047,Cbl-W20F-2M12A10F-40CM-IK-COM"
SO25090098,POD-251261,S51-SL2047CR-006,Cbl-W5M-M12A5F-40CM-PK-CANFD-TP,12.0,nan,4x Cbl-W5M-M12A5F-40CM-PK-CANFD-TP
SO25090098,POD-251261,S51-SL2047CR-006,DtC-M12-WP.,18.0,nan,6x DtC-M12-WP.
SO25090098,POD-251261,S51-SL2047CR-006,SEMIL-2047GC-CRL,3,nan,SEMIL-2047GC-CRL
SO25090115,POD-251229,S60-SL170800-022,E-2278GE,3,nan,E-2278GE
SO25090115,POD-251229,S60-SL170800-022,DDR4-32GB-ECC26WT-DL,6.0,nan,2x DDR4-32GB-ECC26WT-DL
SO25090115,POD-251229,S60-SL170800-022,M.280-SSD-2TB-PCIe44-TLC5WT-TD,3,nan,M.280-SSD-2TB-PCIe44-TLC5WT-TD
SO25090115,POD-251229,S60-SL170800-022,SSD-2TB-TLC5WT-TD,3,nan,SSD-2TB-TLC5WT-TD
SO25090115,POD-251229,S60-SL170800-022,SEMIL-1708,3,nan,SEMIL-1708
SO25090138,POD-251278,S50-EC700630-138,i7-9700E,20,10/15/2025,i7-9700E
SO25090138,POD-251278,S50-EC700630-138,DDR4-16GB-32-SM,20,10/15/2025,DDR4-16GB-32-SM
SO25090138,POD-251278,S50-EC700630-138,Nuvo-7006LP,20,10/15/2025,Nuvo-7006LP
SO25090139,POD-251279,S50-RU012000-PU8,GC-Jetson-AGX-Xavier-Nvidia_BSP,4,10/15/2025,GC-Jetson-AGX-Xavier-Nvidia_BSP
SO25090139,POD-251279,S50-RU012000-PU8,NRU-120S,4,10/15/2025,NRU-120S
SO25090159,POD-251286,S60-SL204700-034,i9-14900,7,10/15/2025,i9-14900
SO25090159,POD-251286,S60-SL204700-034,DDR5-16GB-56WT-SM,14.0,10/15/2025,2x DDR5-16GB-56WT-SM
SO25090159,POD-251286,S60-SL204700-034,M.280-SSD-2TB-PCIe44-TLC5WT-TD,7,10/15/2025,M.280-SSD-2TB-PCIe44-TLC5WT-TD
SO25090159,POD-251286,S60-SL204700-034,SEMIL-2047GC,7,10/15/2025,SEMIL-2047GC
SO25090223,POD-251300,S50-RU012000-PU8,GC-Jetson-AGX-Xavier-Nvidia_BSP,1,nan,GC-Jetson-AGX-Xavier-Nvidia_BSP
SO25090223,POD-251300,S50-RU012000-PU8,NRU-120S,1,nan,NRU-120S
SO25090240,POD-251307,S50-RU022000-PU7,GC-Jetson-AGX64GB-Orin-Nvidia-JetPack-6.0,1,nan,GC-Jetson-AGX64GB-Orin-Nvidia-JetPack-6.0
SO25090240,POD-251307,S50-RU022000-PU7,NRU-220S,1,nan,NRU-220S
SO25090272,POD-251320,S50-RU022000-PU7,GC-Jetson-AGX64GB-Orin-Nvidia-JetPack-6.0,3,nan,GC-Jetson-AGX64GB-Orin-Nvidia-JetPack-6.0
SO25090272,POD-251320,S50-RU022000-PU7,NRU-220S,3,nan,NRU-220S
SO25090277,POD-251308,S51-XCA007CD-001,i7-14700,1,nan,i7-14700
SO25090277,POD-251308,S51-XCA007CD-001,DDR5-32GB-56WT-SM,2.0,nan,2x DDR5-32GB-56WT-SM
SO25090277,POD-251308,S51-XCA007CD-001,and2xSSD-512GB-TLC5WT-TD,1,nan,and 2x SSD-512GB-TLC5WT-TD
SO25090277,POD-251308,S51-XCA007CD-001,Nuvo-10007-CTI,1,nan,Nuvo-10007-CTI
